0,https://www.amazon.com/gp/slredirect/picassoRedirect.html/ref=pa_sp_atf_next_sports-and-fitness_sr_pg228_1?ie=UTF8&adId=A04026372PDRT2RIN1P4Y&url=%2FAlignment-Carrying-surface-Pilates-Exercise%2Fdp%2FB08SBV9464%2Fref%3Dsr_1_5449_sspa%3Fdchild%3D1%26keywords%3Dyoga%2Bmats%26qid%3D1624458681%26s%3Dsports-and-fitness%26sr%3D1-5449-spons%26psc%3D1&qualifier=1624458681&id=3253943130465236&widgetName=sp_atf_next
1,https://www.amazon.com/gp/slredirect/picassoRedirect.html/ref=pa_sp_atf_next_sports-and-fitness_sr_pg228_1?ie=UTF8&adId=A01722052FW75WADYH1HW&url=%2FDensity-Alignment-Carrying-surface-Exercise%2Fdp%2FB08SBYZZHJ%2Fref%3Dsr_1_5450_sspa%3Fdchild%3D1%26keywords%3Dyoga%2Bmats%26qid%3D1624458681%26s%3Dsports-and-fitness%26sr%3D1-5450-spons%26psc%3D1&qualifier=1624458681&id=3253943130465236&widgetName=sp_atf_next
2,https://www.amazon.com/gp/slredirect/picassoRedirect.html/ref=pa_sp_atf_next_sports-and-fitness_sr_pg228_1?ie=UTF8&adId=A01502781JKB1W8BPO0FQ&url=%2FVictor-Fitness-Friendly-Material-Workouts%2Fdp%2FB08BH4YJJS%2Fref%3Dsr_1_5451_sspa%3Fdchild%3D1%26keywords%3Dyoga%2Bmats%26qid%3D1624458681%26s%3Dsports-and-fitness%26sr%3D1-5451-spons%26psc%3D1%26smid%3DA2V3063JU9685N&qualifier=1624458681&id=3253943130465236&widgetName=sp_atf_next
3,https://www.amazon.com/Naanle-CarryInchesg-Exercise-Lightweight-StretchInchesg/dp/B08BLJ7HDT/ref=sr_1_5452?dchild=1&keywords=yoga+mats&qid=1624458681&s=sports-and-fitness&sr=1-5452
4,https://www.amazon.com/Naanle-Carrying-Exercise-Lightweight-Stretching/dp/B08BLJ6MB6/ref=sr_1_5453?dchild=1&keywords=yoga+mats&qid=1624458681&s=sports-and-fitness&sr=1-5453
5,https://www.amazon.com/Naanle-CarryInchesg-Exercise-Lightweight-StretchInchesg/dp/B08BLJ53XP/ref=sr_1_5454?dchild=1&keywords=yoga+mats&qid=1624458681&s=sports-and-fitness&sr=1-5454
6,https://www.amazon.com/Naanle-CarryInchesg-Exercise-Lightweight-StretchInchesg/dp/B08BLJ4NSF/ref=sr_1_5455?dchild=1&keywords=yoga+mats&qid=1624458681&s=sports-and-fitness&sr=1-5455
7,https://www.amazon.com/Naanle-Carrying-Halloween-Lightweight-Stretching/dp/B08BLJ4J9R/ref=sr_1_5456?dchild=1&keywords=yoga+mats&qid=1624458681&s=sports-and-fitness&sr=1-5456
8,https://www.amazon.com/Naanle-CarryInchesg-KInchesg-Lightweight-StretchInchesg/dp/B08BLJ3TRD/ref=sr_1_5457?dchild=1&keywords=yoga+mats&qid=1624458681&s=sports-and-fitness&sr=1-5457
9,https://www.amazon.com/Naanle-CarryInchesg-Exercise-Lightweight-StretchInchesg/dp/B08BLJ3SF6/ref=sr_1_5458?dchild=1&keywords=yoga+mats&qid=1624458681&s=sports-and-fitness&sr=1-5458
10,https://www.amazon.com/Naanle-CarryInchesg-Exercise-Lightweight-StretchInchesg/dp/B08BLHYXNX/ref=sr_1_5459?dchild=1&keywords=yoga+mats&qid=1624458681&s=sports-and-fitness&sr=1-5459
11,https://www.amazon.com/Naanle-CarryInchesg-Exercise-Lightweight-StretchInchesg/dp/B08BLHYS9P/ref=sr_1_5460?dchild=1&keywords=yoga+mats&qid=1624458681&s=sports-and-fitness&sr=1-5460
12,https://www.amazon.com/Naanle-CarryInchesg-Exercise-Lightweight-StretchInchesg/dp/B08BLHXCRT/ref=sr_1_5461?dchild=1&keywords=yoga+mats&qid=1624458681&s=sports-and-fitness&sr=1-5461
13,https://www.amazon.com/Naanle-CarryInchesg-Colorful-Lightweight-StretchInchesg/dp/B08BLHWX9D/ref=sr_1_5462?dchild=1&keywords=yoga+mats&qid=1624458681&s=sports-and-fitness&sr=1-5462
14,https://www.amazon.com/Naanle-CarryInchesg-Exercise-Lightweight-StretchInchesg/dp/B08BLHWS47/ref=sr_1_5463?dchild=1&keywords=yoga+mats&qid=1624458681&s=sports-and-fitness&sr=1-5463
15,https://www.amazon.com/gp/slredirect/picassoRedirect.html/ref=pa_sp_mtf_sports-and-fitness_sr_pg228_1?ie=UTF8&adId=A03954011G45B8NCNPYOY&url=%2FAlbustar-Extra-Thick-Anti-Tear-Exercise%2Fdp%2FB08K8ZTCJV%2Fref%3Dsr_1_5464_sspa%3Fdchild%3D1%26keywords%3Dyoga%2Bmats%26qid%3D1624458681%26s%3Dsports-and-fitness%26sr%3D1-5464-spons%26psc%3D1&qualifier=1624458681&id=3253943130465236&widgetName=sp_mtf
16,https://www.amazon.com/gp/slredirect/picassoRedirect.html/ref=pa_sp_mtf_sports-and-fitness_sr_pg228_1?ie=UTF8&adId=A03342323VN39AIIVYWUW&url=%2FWWWW-Friendly-Exercise-Workout-Fitness%2Fdp%2FB086W3L1X2%2Fref%3Dsr_1_5465_sspa%3Fdchild%3D1%26keywords%3Dyoga%2Bmats%26qid%3D1624458681%26s%3Dsports-and-fitness%26sr%3D1-5465-spons%26psc%3D1&qualifier=1624458681&id=3253943130465236&widgetName=sp_mtf
17,https://www.amazon.com/gp/slredirect/picassoRedirect.html/ref=pa_sp_mtf_sports-and-fitness_sr_pg228_1?ie=UTF8&adId=A0654264FVEUWYNZ6CFF&url=%2FJpodream-Exercise-Workout-Carrying-Eco-Friendly%2Fdp%2FB08V52JDGJ%2Fref%3Dsr_1_5466_sspa%3Fdchild%3D1%26keywords%3Dyoga%2Bmats%26qid%3D1624458681%26s%3Dsports-and-fitness%26sr%3D1-5466-spons%26psc%3D1&qualifier=1624458681&id=3253943130465236&widgetName=sp_mtf
18,https://www.amazon.com/Naanle-CarryInchesg-Exercise-Lightweight-StretchInchesg/dp/B08BLHWS46/ref=sr_1_5467?dchild=1&keywords=yoga+mats&qid=1624458681&s=sports-and-fitness&sr=1-5467
19,https://www.amazon.com/Naanle-CarryInchesg-Exercise-Lightweight-StretchInchesg/dp/B08BLHV7D1/ref=sr_1_5468?dchild=1&keywords=yoga+mats&qid=1624458681&s=sports-and-fitness&sr=1-5468
20,https://www.amazon.com/Naanle-CarryInchesg-Halloween-Lightweight-StretchInchesg/dp/B08BLHV5P1/ref=sr_1_5469?dchild=1&keywords=yoga+mats&qid=1624458681&s=sports-and-fitness&sr=1-5469
21,https://www.amazon.com/Naanle-CarryInchesg-Skeleton-Lightweight-StretchInchesg/dp/B08BLHTZBL/ref=sr_1_5470?dchild=1&keywords=yoga+mats&qid=1624458681&s=sports-and-fitness&sr=1-5470
22,https://www.amazon.com/Naanle-CarryInchesg-Exercise-Lightweight-StretchInchesg/dp/B08BLHTZBH/ref=sr_1_5471?dchild=1&keywords=yoga+mats&qid=1624458681&s=sports-and-fitness&sr=1-5471
23,https://www.amazon.com/Naanle-CarryInchesg-Exercise-Lightweight-StretchInchesg/dp/B08BLHS3ZK/ref=sr_1_5472?dchild=1&keywords=yoga+mats&qid=1624458681&s=sports-and-fitness&sr=1-5472
24,https://www.amazon.com/Naanle-CarryInchesg-Exercise-Lightweight-StretchInchesg/dp/B08BLHR7YW/ref=sr_1_5473?dchild=1&keywords=yoga+mats&qid=1624458681&s=sports-and-fitness&sr=1-5473
25,https://www.amazon.com/Naanle-CarryInchesg-Exercise-Lightweight-StretchInchesg/dp/B08BLHN2F2/ref=sr_1_5474?dchild=1&keywords=yoga+mats&qid=1624458681&s=sports-and-fitness&sr=1-5474
26,https://www.amazon.com/Naanle-RunnInchesg-CarryInchesg-Lightweight-StretchInchesg/dp/B08BLHL1V6/ref=sr_1_5475?dchild=1&keywords=yoga+mats&qid=1624458681&s=sports-and-fitness&sr=1-5475
27,https://www.amazon.com/Naanle-Watercolor-Carrying-Lightweight-Stretching/dp/B08BLHKX3M/ref=sr_1_5476?dchild=1&keywords=yoga+mats&qid=1624458681&s=sports-and-fitness&sr=1-5476
28,https://www.amazon.com/Naanle-CarryInchesg-Exercise-Lightweight-StretchInchesg/dp/B08BLHKG4T/ref=sr_1_5477?dchild=1&keywords=yoga+mats&qid=1624458681&s=sports-and-fitness&sr=1-5477
29,https://www.amazon.com/Naanle-CarryInchesg-Exercise-Lightweight-StretchInchesg/dp/B08BLHDPZD/ref=sr_1_5478?dchild=1&keywords=yoga+mats&qid=1624458681&s=sports-and-fitness&sr=1-5478
30,https://www.amazon.com/gp/slredirect/picassoRedirect.html/ref=pa_sp_btf_sports-and-fitness_sr_pg228_1?ie=UTF8&adId=A07777591J1T1YDMC5369&url=%2FAIMERDAY-Friendly-Anti-Tear-Exercise-Carrying%2Fdp%2FB08FC8F3MM%2Fref%3Dsr_1_5479_sspa%3Fdchild%3D1%26keywords%3Dyoga%2Bmats%26qid%3D1624458681%26s%3Dsports-and-fitness%26sr%3D1-5479-spons%26psc%3D1&qualifier=1624458681&id=3253943130465236&widgetName=sp_btf
31,https://www.amazon.com/gp/slredirect/picassoRedirect.html/ref=pa_sp_btf_sports-and-fitness_sr_pg228_1?ie=UTF8&adId=A02057406QFND2LDFCYE&url=%2FNOW-YOGING-Unbeatable-Thickness-Alignment%2Fdp%2FB07MKVC89R%2Fref%3Dsr_1_5480_sspa%3Fdchild%3D1%26keywords%3Dyoga%2Bmats%26qid%3D1624458681%26s%3Dsports-and-fitness%26sr%3D1-5480-spons%26psc%3D1&qualifier=1624458681&id=3253943130465236&widgetName=sp_btf
32,https://www.amazon.com/gp/slredirect/picassoRedirect.html/ref=pa_sp_btf_sports-and-fitness_sr_pg228_1?ie=UTF8&adId=A01668931GKRVXQLAXO6K&url=%2FUnbeatable-Thickness-Alignment-Carrying-Exercise%2Fdp%2FB08FZNTJSZ%2Fref%3Dsr_1_5481_sspa%3Fdchild%3D1%26keywords%3Dyoga%2Bmats%26qid%3D1624458681%26s%3Dsports-and-fitness%26sr%3D1-5481-spons%26psc%3D1&qualifier=1624458681&id=3253943130465236&widgetName=sp_btf
0,https://www.amazon.com/gp/slredirect/picassoRedirect.html/ref=pa_sp_atf_next_sports-and-fitness_sr_pg224_1?ie=UTF8&adId=A01722052FW75WADYH1HW&url=%2FDensity-Alignment-Carrying-surface-Exercise%2Fdp%2FB08SBYZZHJ%2Fref%3Dsr_1_5353_sspa%3Fdchild%3D1%26keywords%3Dyoga%2Bmats%26qid%3D1624458681%26s%3Dsports-and-fitness%26sr%3D1-5353-spons%26psc%3D1&qualifier=1624458681&id=4531764330954859&widgetName=sp_atf_next
1,https://www.amazon.com/gp/slredirect/picassoRedirect.html/ref=pa_sp_atf_next_sports-and-fitness_sr_pg224_1?ie=UTF8&adId=A09133102IFESUKL4MYHN&url=%2FExercise-Fitness-Non-Slip-Pilates-Meditation%2Fdp%2FB08PFS8H5V%2Fref%3Dsr_1_5354_sspa%3Fdchild%3D1%26keywords%3Dyoga%2Bmats%26qid%3D1624458681%26s%3Dsports-and-fitness%26sr%3D1-5354-spons%26psc%3D1&qualifier=1624458681&id=4531764330954859&widgetName=sp_atf_next
2,https://www.amazon.com/gp/slredirect/picassoRedirect.html/ref=pa_sp_atf_next_sports-and-fitness_sr_pg224_1?ie=UTF8&adId=A064721633GFEHS1FOH7V&url=%2FEco-friendly-Thickened-Protection-Professional-Gymnastics%2Fdp%2FB08F3S84TB%2Fref%3Dsr_1_5355_sspa%3Fdchild%3D1%26keywords%3Dyoga%2Bmats%26qid%3D1624458681%26s%3Dsports-and-fitness%26sr%3D1-5355-spons%26psc%3D1&qualifier=1624458681&id=4531764330954859&widgetName=sp_atf_next
3,https://www.amazon.com/Naanle-Carrying-Painting-Lightweight-Stretching/dp/B08BR7FTJ9/ref=sr_1_5356?dchild=1&keywords=yoga+mats&qid=1624458681&s=sports-and-fitness&sr=1-5356
4,https://www.amazon.com/Naanle-Carrying-Exercise-Lightweight-Stretching/dp/B08BR7CK9S/ref=sr_1_5357?dchild=1&keywords=yoga+mats&qid=1624458681&s=sports-and-fitness&sr=1-5357
5,https://www.amazon.com/Naanle-Carrying-Exercise-Lightweight-Stretching/dp/B08BR73ZV4/ref=sr_1_5358?dchild=1&keywords=yoga+mats&qid=1624458681&s=sports-and-fitness&sr=1-5358
6,https://www.amazon.com/Naanle-Carrying-Exercise-Lightweight-Stretching/dp/B08BR6ZP37/ref=sr_1_5359?dchild=1&keywords=yoga+mats&qid=1624458681&s=sports-and-fitness&sr=1-5359
7,https://www.amazon.com/Naanle-Carrying-Exercise-Lightweight-Stretching/dp/B08BR6M92M/ref=sr_1_5360?dchild=1&keywords=yoga+mats&qid=1624458681&s=sports-and-fitness&sr=1-5360
8,https://www.amazon.com/Naanle-Carrying-Exercise-Lightweight-Stretching/dp/B08BR68LW5/ref=sr_1_5361?dchild=1&keywords=yoga+mats&qid=1624458681&s=sports-and-fitness&sr=1-5361
9,https://www.amazon.com/Naanle-Carrying-Dinosaur-Lightweight-Stretching/dp/B08BR5ZQZJ/ref=sr_1_5362?dchild=1&keywords=yoga+mats&qid=1624458681&s=sports-and-fitness&sr=1-5362
10,https://www.amazon.com/Naanle-Carrying-Exercise-Lightweight-Stretching/dp/B08BR5JJMR/ref=sr_1_5363?dchild=1&keywords=yoga+mats&qid=1624458681&s=sports-and-fitness&sr=1-5363
11,https://www.amazon.com/Naanle-Carrying-Exercise-Lightweight-Stretching/dp/B08BR4ZPZD/ref=sr_1_5364?dchild=1&keywords=yoga+mats&qid=1624458681&s=sports-and-fitness&sr=1-5364
12,https://www.amazon.com/Naanle-Starfish-Carrying-Lightweight-Stretching/dp/B08BR4NY8F/ref=sr_1_5365?dchild=1&keywords=yoga+mats&qid=1624458681&s=sports-and-fitness&sr=1-5365
13,https://www.amazon.com/Naanle-Carrying-Exercise-Lightweight-Stretching/dp/B08BR4KP1W/ref=sr_1_5366?dchild=1&keywords=yoga+mats&qid=1624458681&s=sports-and-fitness&sr=1-5366
14,https://www.amazon.com/Naanle-Watercolor-Cactus-Carrying-Lightweight-Stretching/dp/B08BR4JHDC/ref=sr_1_5367?dchild=1&keywords=yoga+mats&qid=1624458681&s=sports-and-fitness&sr=1-5367
15,https://www.amazon.com/gp/slredirect/picassoRedirect.html/ref=pa_sp_mtf_sports-and-fitness_sr_pg224_1?ie=UTF8&adId=A02057406QFND2LDFCYE&url=%2FNOW-YOGING-Unbeatable-Thickness-Alignment%2Fdp%2FB07MKVC89R%2Fref%3Dsr_1_5368_sspa%3Fdchild%3D1%26keywords%3Dyoga%2Bmats%26qid%3D1624458681%26s%3Dsports-and-fitness%26sr%3D1-5368-spons%26psc%3D1&qualifier=1624458681&id=4531764330954859&widgetName=sp_mtf
16,https://www.amazon.com/gp/slredirect/picassoRedirect.html/ref=pa_sp_mtf_sports-and-fitness_sr_pg224_1?ie=UTF8&adId=A01668931GKRVXQLAXO6K&url=%2FUnbeatable-Thickness-Alignment-Carrying-Exercise%2Fdp%2FB08FZNTJSZ%2Fref%3Dsr_1_5369_sspa%3Fdchild%3D1%26keywords%3Dyoga%2Bmats%26qid%3D1624458681%26s%3Dsports-and-fitness%26sr%3D1-5369-spons%26psc%3D1&qualifier=1624458681&id=4531764330954859&widgetName=sp_mtf
17,https://www.amazon.com/gp/slredirect/picassoRedirect.html/ref=pa_sp_mtf_sports-and-fitness_sr_pg224_1?ie=UTF8&adId=A07777591J1T1YDMC5369&url=%2FAIMERDAY-Friendly-Anti-Tear-Exercise-Carrying%2Fdp%2FB08FC8F3MM%2Fref%3Dsr_1_5370_sspa%3Fdchild%3D1%26keywords%3Dyoga%2Bmats%26qid%3D1624458681%26s%3Dsports-and-fitness%26sr%3D1-5370-spons%26psc%3D1&qualifier=1624458681&id=4531764330954859&widgetName=sp_mtf
18,https://www.amazon.com/Naanle-Honeybee-Sunflower-Lightweight-Stretching/dp/B08BR3WTZ8/ref=sr_1_5371?dchild=1&keywords=yoga+mats&qid=1624458681&s=sports-and-fitness&sr=1-5371
19,https://www.amazon.com/Naanle-Carrying-Exercise-Lightweight-Stretching/dp/B08BR3SJM9/ref=sr_1_5372?dchild=1&keywords=yoga+mats&qid=1624458681&s=sports-and-fitness&sr=1-5372
20,https://www.amazon.com/Naanle-Carrying-Exercise-Lightweight-Stretching/dp/B08BR3CTVZ/ref=sr_1_5373?dchild=1&keywords=yoga+mats&qid=1624458681&s=sports-and-fitness&sr=1-5373
21,https://www.amazon.com/Naanle-Carrying-Exercise-Lightweight-Stretching/dp/B08BR33SP7/ref=sr_1_5374?dchild=1&keywords=yoga+mats&qid=1624458681&s=sports-and-fitness&sr=1-5374
22,https://www.amazon.com/Naanle-Carrying-Exercise-Lightweight-Stretching/dp/B08BR2FBK1/ref=sr_1_5375?dchild=1&keywords=yoga+mats&qid=1624458681&s=sports-and-fitness&sr=1-5375
23,https://www.amazon.com/Naanle-Colorful-Dinosaurs-Lightweight-Stretching/dp/B08BR2B5WF/ref=sr_1_5376?dchild=1&keywords=yoga+mats&qid=1624458681&s=sports-and-fitness&sr=1-5376
24,https://www.amazon.com/Naanle-Carrying-Exercise-Lightweight-Stretching/dp/B08BR28N4F/ref=sr_1_5377?dchild=1&keywords=yoga+mats&qid=1624458681&s=sports-and-fitness&sr=1-5377
25,https://www.amazon.com/Naanle-Sunflower-Carrying-Lightweight-Stretching/dp/B08BR1W2T5/ref=sr_1_5378?dchild=1&keywords=yoga+mats&qid=1624458681&s=sports-and-fitness&sr=1-5378
26,https://www.amazon.com/Naanle-Carrying-Watercolor-Lightweight-Stretching/dp/B08BR1VGLF/ref=sr_1_5379?dchild=1&keywords=yoga+mats&qid=1624458681&s=sports-and-fitness&sr=1-5379
27,https://www.amazon.com/Naanle-Carrying-Exercise-Lightweight-Stretching/dp/B08BR1SXT2/ref=sr_1_5380?dchild=1&keywords=yoga+mats&qid=1624458681&s=sports-and-fitness&sr=1-5380
28,https://www.amazon.com/Naanle-Carrying-Exercise-Lightweight-Stretching/dp/B08BR1PLVJ/ref=sr_1_5381?dchild=1&keywords=yoga+mats&qid=1624458681&s=sports-and-fitness&sr=1-5381
29,https://www.amazon.com/Naanle-Carrying-Exercise-Lightweight-Stretching/dp/B08BR1N4KS/ref=sr_1_5382?dchild=1&keywords=yoga+mats&qid=1624458681&s=sports-and-fitness&sr=1-5382
30,https://www.amazon.com/gp/slredirect/picassoRedirect.html/ref=pa_sp_btf_sports-and-fitness_sr_pg224_1?ie=UTF8&adId=A06788223CKIVU78UW8QB&url=%2FKeolorn-Non-Slip-Friendly-Exercise-Exercises%2Fdp%2FB089W8F673%2Fref%3Dsr_1_5383_sspa%3Fdchild%3D1%26keywords%3Dyoga%2Bmats%26qid%3D1624458681%26s%3Dsports-and-fitness%26sr%3D1-5383-spons%26psc%3D1&qualifier=1624458681&id=4531764330954859&widgetName=sp_btf
31,https://www.amazon.com/gp/slredirect/picassoRedirect.html/ref=pa_sp_btf_sports-and-fitness_sr_pg224_1?ie=UTF8&adId=A03342323VN39AIIVYWUW&url=%2FWWWW-Friendly-Exercise-Workout-Fitness%2Fdp%2FB086W3L1X2%2Fref%3Dsr_1_5384_sspa%3Fdchild%3D1%26keywords%3Dyoga%2Bmats%26qid%3D1624458681%26s%3Dsports-and-fitness%26sr%3D1-5384-spons%26psc%3D1&qualifier=1624458681&id=4531764330954859&widgetName=sp_btf
32,https://www.amazon.com/gp/slredirect/picassoRedirect.html/ref=pa_sp_btf_sports-and-fitness_sr_pg224_1?ie=UTF8&adId=A04026372PDRT2RIN1P4Y&url=%2FAlignment-Carrying-surface-Pilates-Exercise%2Fdp%2FB08SBV9464%2Fref%3Dsr_1_5385_sspa%3Fdchild%3D1%26keywords%3Dyoga%2Bmats%26qid%3D1624458681%26s%3Dsports-and-fitness%26sr%3D1-5385-spons%26psc%3D1&qualifier=1624458681&id=4531764330954859&widgetName=sp_btf
0,https://www.amazon.com/gp/slredirect/picassoRedirect.html/ref=pa_sp_atf_next_sports-and-fitness_sr_pg222_1?ie=UTF8&adId=A01722052FW75WADYH1HW&url=%2FDensity-Alignment-Carrying-surface-Exercise%2Fdp%2FB08SBYZZHJ%2Fref%3Dsr_1_5305_sspa%3Fdchild%3D1%26keywords%3Dyoga%2Bmats%26qid%3D1624458681%26s%3Dsports-and-fitness%26sr%3D1-5305-spons%26psc%3D1&qualifier=1624458681&id=2680530211007997&widgetName=sp_atf_next
1,https://www.amazon.com/gp/slredirect/picassoRedirect.html/ref=pa_sp_atf_next_sports-and-fitness_sr_pg222_1?ie=UTF8&adId=A09133102IFESUKL4MYHN&url=%2FExercise-Fitness-Non-Slip-Pilates-Meditation%2Fdp%2FB08PFS8H5V%2Fref%3Dsr_1_5306_sspa%3Fdchild%3D1%26keywords%3Dyoga%2Bmats%26qid%3D1624458681%26s%3Dsports-and-fitness%26sr%3D1-5306-spons%26psc%3D1&qualifier=1624458681&id=2680530211007997&widgetName=sp_atf_next
2,https://www.amazon.com/gp/slredirect/picassoRedirect.html/ref=pa_sp_atf_next_sports-and-fitness_sr_pg222_1?ie=UTF8&adId=A064721633GFEHS1FOH7V&url=%2FEco-friendly-Thickened-Protection-Professional-Gymnastics%2Fdp%2FB08F3S84TB%2Fref%3Dsr_1_5307_sspa%3Fdchild%3D1%26keywords%3Dyoga%2Bmats%26qid%3D1624458681%26s%3Dsports-and-fitness%26sr%3D1-5307-spons%26psc%3D1&qualifier=1624458681&id=2680530211007997&widgetName=sp_atf_next
3,https://www.amazon.com/VVIEER-Pilates-Fitness-Exercise-Friendly/dp/B08CV1XHQT/ref=sr_1_5308?dchild=1&keywords=yoga+mats&qid=1624458681&s=sports-and-fitness&sr=1-5308
4,https://www.amazon.com/VVIEER-Pilates-Fitness-Exercise-Friendly/dp/B08CV1S5NM/ref=sr_1_5309?dchild=1&keywords=yoga+mats&qid=1624458681&s=sports-and-fitness&sr=1-5309
5,https://www.amazon.com/VVIEER-Pilates-Fitness-Exercise-Friendly/dp/B08CV1RDZC/ref=sr_1_5310?dchild=1&keywords=yoga+mats&qid=1624458681&s=sports-and-fitness&sr=1-5310
6,https://www.amazon.com/VVIEER-Pilates-Fitness-Exercise-Friendly/dp/B08CV1RCKG/ref=sr_1_5311?dchild=1&keywords=yoga+mats&qid=1624458681&s=sports-and-fitness&sr=1-5311
7,https://www.amazon.com/VVIEER-Pilates-Fitness-Exercise-Friendly/dp/B08CV1NXXQ/ref=sr_1_5312?dchild=1&keywords=yoga+mats&qid=1624458681&s=sports-and-fitness&sr=1-5312
8,https://www.amazon.com/VVIEER-Pilates-Fitness-Exercise-Friendly/dp/B08CV1JMTS/ref=sr_1_5313?dchild=1&keywords=yoga+mats&qid=1624458681&s=sports-and-fitness&sr=1-5313
9,https://www.amazon.com/Naanle-Carrying-Painting-Lightweight-Stretching/dp/B08BRRF3TS/ref=sr_1_5314?dchild=1&keywords=yoga+mats&qid=1624458681&s=sports-and-fitness&sr=1-5314
10,https://www.amazon.com/Naanle-Carrying-Exercise-Lightweight-Stretching/dp/B08BRR8VW3/ref=sr_1_5315?dchild=1&keywords=yoga+mats&qid=1624458681&s=sports-and-fitness&sr=1-5315
11,https://www.amazon.com/Naanle-Carrying-Exercise-Lightweight-Stretching/dp/B08BRNL58V/ref=sr_1_5316?dchild=1&keywords=yoga+mats&qid=1624458681&s=sports-and-fitness&sr=1-5316
12,https://www.amazon.com/Naanle-Carrying-Exercise-Lightweight-Stretching/dp/B08BRJVBT6/ref=sr_1_5317?dchild=1&keywords=yoga+mats&qid=1624458681&s=sports-and-fitness&sr=1-5317
13,https://www.amazon.com/Naanle-Carrying-Exercise-Lightweight-Stretching/dp/B08BRJPNK8/ref=sr_1_5318?dchild=1&keywords=yoga+mats&qid=1624458681&s=sports-and-fitness&sr=1-5318
14,https://www.amazon.com/Naanle-Seahorse-Carrying-Lightweight-Stretching/dp/B08BRJFN37/ref=sr_1_5319?dchild=1&keywords=yoga+mats&qid=1624458681&s=sports-and-fitness&sr=1-5319
15,https://www.amazon.com/gp/slredirect/picassoRedirect.html/ref=pa_sp_mtf_sports-and-fitness_sr_pg222_1?ie=UTF8&adId=A02057406QFND2LDFCYE&url=%2FNOW-YOGING-Unbeatable-Thickness-Alignment%2Fdp%2FB07MKVC89R%2Fref%3Dsr_1_5320_sspa%3Fdchild%3D1%26keywords%3Dyoga%2Bmats%26qid%3D1624458681%26s%3Dsports-and-fitness%26sr%3D1-5320-spons%26psc%3D1&qualifier=1624458681&id=2680530211007997&widgetName=sp_mtf
16,https://www.amazon.com/gp/slredirect/picassoRedirect.html/ref=pa_sp_mtf_sports-and-fitness_sr_pg222_1?ie=UTF8&adId=A01668931GKRVXQLAXO6K&url=%2FUnbeatable-Thickness-Alignment-Carrying-Exercise%2Fdp%2FB08FZNTJSZ%2Fref%3Dsr_1_5321_sspa%3Fdchild%3D1%26keywords%3Dyoga%2Bmats%26qid%3D1624458681%26s%3Dsports-and-fitness%26sr%3D1-5321-spons%26psc%3D1&qualifier=1624458681&id=2680530211007997&widgetName=sp_mtf
17,https://www.amazon.com/gp/slredirect/picassoRedirect.html/ref=pa_sp_mtf_sports-and-fitness_sr_pg222_1?ie=UTF8&adId=A07777591J1T1YDMC5369&url=%2FAIMERDAY-Friendly-Anti-Tear-Exercise-Carrying%2Fdp%2FB08FC8F3MM%2Fref%3Dsr_1_5322_sspa%3Fdchild%3D1%26keywords%3Dyoga%2Bmats%26qid%3D1624458681%26s%3Dsports-and-fitness%26sr%3D1-5322-spons%26psc%3D1&qualifier=1624458681&id=2680530211007997&widgetName=sp_mtf
18,https://www.amazon.com/Naanle-Camouflage-Dinosaur-Lightweight-Stretching/dp/B08BRJDY49/ref=sr_1_5323?dchild=1&keywords=yoga+mats&qid=1624458681&s=sports-and-fitness&sr=1-5323
19,https://www.amazon.com/Naanle-Carrying-Exercise-Lightweight-Stretching/dp/B08BRJ64FD/ref=sr_1_5324?dchild=1&keywords=yoga+mats&qid=1624458681&s=sports-and-fitness&sr=1-5324
20,https://www.amazon.com/Naanle-Carrying-Exercise-Lightweight-Stretching/dp/B08BRJ64FC/ref=sr_1_5325?dchild=1&keywords=yoga+mats&qid=1624458681&s=sports-and-fitness&sr=1-5325
21,https://www.amazon.com/Naanle-Flamingo-Carrying-Lightweight-Stretching/dp/B08BRHZXMX/ref=sr_1_5326?dchild=1&keywords=yoga+mats&qid=1624458681&s=sports-and-fitness&sr=1-5326
22,https://www.amazon.com/Naanle-Carrying-Watercolor-Lightweight-Stretching/dp/B08BRGHG16/ref=sr_1_5327?dchild=1&keywords=yoga+mats&qid=1624458681&s=sports-and-fitness&sr=1-5327
23,https://www.amazon.com/Naanle-Carrying-Exercise-Lightweight-Stretching/dp/B08BRGDM2K/ref=sr_1_5328?dchild=1&keywords=yoga+mats&qid=1624458681&s=sports-and-fitness&sr=1-5328
24,https://www.amazon.com/Naanle-Carrying-Exercise-Lightweight-Stretching/dp/B08BRGC387/ref=sr_1_5329?dchild=1&keywords=yoga+mats&qid=1624458681&s=sports-and-fitness&sr=1-5329
25,https://www.amazon.com/Naanle-Carrying-Exercise-Lightweight-Stretching/dp/B08BRFYWLQ/ref=sr_1_5330?dchild=1&keywords=yoga+mats&qid=1624458681&s=sports-and-fitness&sr=1-5330
26,https://www.amazon.com/Naanle-Carrying-Exercise-Lightweight-Stretching/dp/B08BRFS1S1/ref=sr_1_5331?dchild=1&keywords=yoga+mats&qid=1624458681&s=sports-and-fitness&sr=1-5331
27,https://www.amazon.com/Naanle-Carrying-Painting-Lightweight-Stretching/dp/B08BRF9QQ9/ref=sr_1_5332?dchild=1&keywords=yoga+mats&qid=1624458681&s=sports-and-fitness&sr=1-5332
28,https://www.amazon.com/Naanle-Carrying-Exercise-Lightweight-Stretching/dp/B08BRF81YJ/ref=sr_1_5333?dchild=1&keywords=yoga+mats&qid=1624458681&s=sports-and-fitness&sr=1-5333
29,https://www.amazon.com/Naanle-Carrying-Exercise-Lightweight-Stretching/dp/B08BRF1BZ9/ref=sr_1_5334?dchild=1&keywords=yoga+mats&qid=1624458681&s=sports-and-fitness&sr=1-5334
30,https://www.amazon.com/gp/slredirect/picassoRedirect.html/ref=pa_sp_btf_sports-and-fitness_sr_pg222_1?ie=UTF8&adId=A06788223CKIVU78UW8QB&url=%2FKeolorn-Non-Slip-Friendly-Exercise-Exercises%2Fdp%2FB089W8F673%2Fref%3Dsr_1_5335_sspa%3Fdchild%3D1%26keywords%3Dyoga%2Bmats%26qid%3D1624458681%26s%3Dsports-and-fitness%26sr%3D1-5335-spons%26psc%3D1&qualifier=1624458681&id=2680530211007997&widgetName=sp_btf
31,https://www.amazon.com/gp/slredirect/picassoRedirect.html/ref=pa_sp_btf_sports-and-fitness_sr_pg222_1?ie=UTF8&adId=A03342323VN39AIIVYWUW&url=%2FWWWW-Friendly-Exercise-Workout-Fitness%2Fdp%2FB086W3L1X2%2Fref%3Dsr_1_5336_sspa%3Fdchild%3D1%26keywords%3Dyoga%2Bmats%26qid%3D1624458681%26s%3Dsports-and-fitness%26sr%3D1-5336-spons%26psc%3D1&qualifier=1624458681&id=2680530211007997&widgetName=sp_btf
32,https://www.amazon.com/gp/slredirect/picassoRedirect.html/ref=pa_sp_btf_sports-and-fitness_sr_pg222_1?ie=UTF8&adId=A04026372PDRT2RIN1P4Y&url=%2FAlignment-Carrying-surface-Pilates-Exercise%2Fdp%2FB08SBV9464%2Fref%3Dsr_1_5337_sspa%3Fdchild%3D1%26keywords%3Dyoga%2Bmats%26qid%3D1624458681%26s%3Dsports-and-fitness%26sr%3D1-5337-spons%26psc%3D1&qualifier=1624458681&id=2680530211007997&widgetName=sp_btf
0,https://www.amazon.com/gp/slredirect/picassoRedirect.html/ref=pa_sp_atf_next_sports-and-fitness_sr_pg225_1?ie=UTF8&adId=A01722052FW75WADYH1HW&url=%2FDensity-Alignment-Carrying-surface-Exercise%2Fdp%2FB08SBYZZHJ%2Fref%3Dsr_1_5377_sspa%3Fdchild%3D1%26keywords%3Dyoga%2Bmats%26qid%3D1624458681%26s%3Dsports-and-fitness%26sr%3D1-5377-spons%26psc%3D1&qualifier=1624458681&id=7323684546227495&widgetName=sp_atf_next
1,https://www.amazon.com/gp/slredirect/picassoRedirect.html/ref=pa_sp_atf_next_sports-and-fitness_sr_pg225_1?ie=UTF8&adId=A09133102IFESUKL4MYHN&url=%2FExercise-Fitness-Non-Slip-Pilates-Meditation%2Fdp%2FB08PFS8H5V%2Fref%3Dsr_1_5378_sspa%3Fdchild%3D1%26keywords%3Dyoga%2Bmats%26qid%3D1624458681%26s%3Dsports-and-fitness%26sr%3D1-5378-spons%26psc%3D1&qualifier=1624458681&id=7323684546227495&widgetName=sp_atf_next
2,https://www.amazon.com/gp/slredirect/picassoRedirect.html/ref=pa_sp_atf_next_sports-and-fitness_sr_pg225_1?ie=UTF8&adId=A064721633GFEHS1FOH7V&url=%2FEco-friendly-Thickened-Protection-Professional-Gymnastics%2Fdp%2FB08F3S84TB%2Fref%3Dsr_1_5379_sspa%3Fdchild%3D1%26keywords%3Dyoga%2Bmats%26qid%3D1624458681%26s%3Dsports-and-fitness%26sr%3D1-5379-spons%26psc%3D1&qualifier=1624458681&id=7323684546227495&widgetName=sp_atf_next
3,https://www.amazon.com/Naanle-Carrying-Exercise-Lightweight-Stretching/dp/B08BR3CTVZ/ref=sr_1_5380?dchild=1&keywords=yoga+mats&qid=1624458681&s=sports-and-fitness&sr=1-5380
4,https://www.amazon.com/Naanle-Carrying-Exercise-Lightweight-Stretching/dp/B08BR33SP7/ref=sr_1_5381?dchild=1&keywords=yoga+mats&qid=1624458681&s=sports-and-fitness&sr=1-5381
5,https://www.amazon.com/Naanle-Carrying-Exercise-Lightweight-Stretching/dp/B08BR2FBK1/ref=sr_1_5382?dchild=1&keywords=yoga+mats&qid=1624458681&s=sports-and-fitness&sr=1-5382
6,https://www.amazon.com/Naanle-Colorful-Dinosaurs-Lightweight-Stretching/dp/B08BR2B5WF/ref=sr_1_5383?dchild=1&keywords=yoga+mats&qid=1624458681&s=sports-and-fitness&sr=1-5383
7,https://www.amazon.com/Naanle-Carrying-Exercise-Lightweight-Stretching/dp/B08BR28N4F/ref=sr_1_5384?dchild=1&keywords=yoga+mats&qid=1624458681&s=sports-and-fitness&sr=1-5384
8,https://www.amazon.com/Naanle-Sunflower-Carrying-Lightweight-Stretching/dp/B08BR1W2T5/ref=sr_1_5385?dchild=1&keywords=yoga+mats&qid=1624458681&s=sports-and-fitness&sr=1-5385
9,https://www.amazon.com/Naanle-Carrying-Watercolor-Lightweight-Stretching/dp/B08BR1VGLF/ref=sr_1_5386?dchild=1&keywords=yoga+mats&qid=1624458681&s=sports-and-fitness&sr=1-5386
10,https://www.amazon.com/Naanle-Carrying-Exercise-Lightweight-Stretching/dp/B08BR1SXT2/ref=sr_1_5387?dchild=1&keywords=yoga+mats&qid=1624458681&s=sports-and-fitness&sr=1-5387
11,https://www.amazon.com/Naanle-Carrying-Exercise-Lightweight-Stretching/dp/B08BR1PLVJ/ref=sr_1_5388?dchild=1&keywords=yoga+mats&qid=1624458681&s=sports-and-fitness&sr=1-5388
12,https://www.amazon.com/Naanle-Carrying-Exercise-Lightweight-Stretching/dp/B08BR1N4KS/ref=sr_1_5389?dchild=1&keywords=yoga+mats&qid=1624458681&s=sports-and-fitness&sr=1-5389
13,https://www.amazon.com/Naanle-Sunflower-Butterfly-Lightweight-Stretching/dp/B08BR1M75B/ref=sr_1_5390?dchild=1&keywords=yoga+mats&qid=1624458681&s=sports-and-fitness&sr=1-5390
14,https://www.amazon.com/Naanle-Dinosaur-Camouflage-Lightweight-Stretching/dp/B08BQZVHFB/ref=sr_1_5391?dchild=1&keywords=yoga+mats&qid=1624458681&s=sports-and-fitness&sr=1-5391
15,https://www.amazon.com/gp/slredirect/picassoRedirect.html/ref=pa_sp_mtf_sports-and-fitness_sr_pg225_1?ie=UTF8&adId=A02057406QFND2LDFCYE&url=%2FNOW-YOGING-Unbeatable-Thickness-Alignment%2Fdp%2FB07MKVC89R%2Fref%3Dsr_1_5392_sspa%3Fdchild%3D1%26keywords%3Dyoga%2Bmats%26qid%3D1624458681%26s%3Dsports-and-fitness%26sr%3D1-5392-spons%26psc%3D1&qualifier=1624458681&id=7323684546227495&widgetName=sp_mtf
16,https://www.amazon.com/gp/slredirect/picassoRedirect.html/ref=pa_sp_mtf_sports-and-fitness_sr_pg225_1?ie=UTF8&adId=A01668931GKRVXQLAXO6K&url=%2FUnbeatable-Thickness-Alignment-Carrying-Exercise%2Fdp%2FB08FZNTJSZ%2Fref%3Dsr_1_5393_sspa%3Fdchild%3D1%26keywords%3Dyoga%2Bmats%26qid%3D1624458681%26s%3Dsports-and-fitness%26sr%3D1-5393-spons%26psc%3D1&qualifier=1624458681&id=7323684546227495&widgetName=sp_mtf
17,https://www.amazon.com/gp/slredirect/picassoRedirect.html/ref=pa_sp_mtf_sports-and-fitness_sr_pg225_1?ie=UTF8&adId=A07777591J1T1YDMC5369&url=%2FAIMERDAY-Friendly-Anti-Tear-Exercise-Carrying%2Fdp%2FB08FC8F3MM%2Fref%3Dsr_1_5394_sspa%3Fdchild%3D1%26keywords%3Dyoga%2Bmats%26qid%3D1624458681%26s%3Dsports-and-fitness%26sr%3D1-5394-spons%26psc%3D1&qualifier=1624458681&id=7323684546227495&widgetName=sp_mtf
18,https://www.amazon.com/Naanle-Carrying-Fantasy-Unicorn-Lightweight-Stretching/dp/B08BQZQ4QF/ref=sr_1_5395?dchild=1&keywords=yoga+mats&qid=1624458681&s=sports-and-fitness&sr=1-5395
19,https://www.amazon.com/Naanle-Carrying-Exercise-Lightweight-Stretching/dp/B08BQZDFDB/ref=sr_1_5396?dchild=1&keywords=yoga+mats&qid=1624458681&s=sports-and-fitness&sr=1-5396
20,https://www.amazon.com/Naanle-Carrying-Exercise-Lightweight-Stretching/dp/B08BQZ84Z5/ref=sr_1_5397?dchild=1&keywords=yoga+mats&qid=1624458681&s=sports-and-fitness&sr=1-5397
21,https://www.amazon.com/Naanle-Carrying-Exercise-Lightweight-Stretching/dp/B08BQZ7FPW/ref=sr_1_5398?dchild=1&keywords=yoga+mats&qid=1624458681&s=sports-and-fitness&sr=1-5398
22,https://www.amazon.com/Naanle-Carrying-Watercolor-Lightweight-Stretching/dp/B08BQZ6S1V/ref=sr_1_5399?dchild=1&keywords=yoga+mats&qid=1624458681&s=sports-and-fitness&sr=1-5399
23,https://www.amazon.com/Naanle-Carrying-Exercise-Lightweight-Stretching/dp/B08BQYBSKG/ref=sr_1_5400?dchild=1&keywords=yoga+mats&qid=1624458681&s=sports-and-fitness&sr=1-5400
24,https://www.amazon.com/Naanle-Carrying-Exercise-Lightweight-Stretching/dp/B08BQXG8XL/ref=sr_1_5401?dchild=1&keywords=yoga+mats&qid=1624458681&s=sports-and-fitness&sr=1-5401
25,https://www.amazon.com/Naanle-Carrying-Exercise-Lightweight-Stretching/dp/B08BQXD1PT/ref=sr_1_5402?dchild=1&keywords=yoga+mats&qid=1624458681&s=sports-and-fitness&sr=1-5402
26,https://www.amazon.com/Naanle-Carrying-Exercise-Lightweight-Stretching/dp/B08BQX8JYP/ref=sr_1_5403?dchild=1&keywords=yoga+mats&qid=1624458681&s=sports-and-fitness&sr=1-5403
27,https://www.amazon.com/Naanle-Carrying-Exercise-Lightweight-Stretching/dp/B08BQVKW4L/ref=sr_1_5404?dchild=1&keywords=yoga+mats&qid=1624458681&s=sports-and-fitness&sr=1-5404
28,https://www.amazon.com/Naanle-Carrying-Colorful-Lightweight-Stretching/dp/B08BLL8235/ref=sr_1_5405?dchild=1&keywords=yoga+mats&qid=1624458681&s=sports-and-fitness&sr=1-5405
29,https://www.amazon.com/Naanle-CarryInchesg-Halloween-Lightweight-StretchInchesg/dp/B08BLKZ4GD/ref=sr_1_5406?dchild=1&keywords=yoga+mats&qid=1624458681&s=sports-and-fitness&sr=1-5406
30,https://www.amazon.com/gp/slredirect/picassoRedirect.html/ref=pa_sp_btf_sports-and-fitness_sr_pg225_1?ie=UTF8&adId=A06788223CKIVU78UW8QB&url=%2FKeolorn-Non-Slip-Friendly-Exercise-Exercises%2Fdp%2FB089W8F673%2Fref%3Dsr_1_5407_sspa%3Fdchild%3D1%26keywords%3Dyoga%2Bmats%26qid%3D1624458681%26s%3Dsports-and-fitness%26sr%3D1-5407-spons%26psc%3D1&qualifier=1624458681&id=7323684546227495&widgetName=sp_btf
31,https://www.amazon.com/gp/slredirect/picassoRedirect.html/ref=pa_sp_btf_sports-and-fitness_sr_pg225_1?ie=UTF8&adId=A03342323VN39AIIVYWUW&url=%2FWWWW-Friendly-Exercise-Workout-Fitness%2Fdp%2FB086W3L1X2%2Fref%3Dsr_1_5408_sspa%3Fdchild%3D1%26keywords%3Dyoga%2Bmats%26qid%3D1624458681%26s%3Dsports-and-fitness%26sr%3D1-5408-spons%26psc%3D1&qualifier=1624458681&id=7323684546227495&widgetName=sp_btf
32,https://www.amazon.com/gp/slredirect/picassoRedirect.html/ref=pa_sp_btf_sports-and-fitness_sr_pg225_1?ie=UTF8&adId=A04026372PDRT2RIN1P4Y&url=%2FAlignment-Carrying-surface-Pilates-Exercise%2Fdp%2FB08SBV9464%2Fref%3Dsr_1_5409_sspa%3Fdchild%3D1%26keywords%3Dyoga%2Bmats%26qid%3D1624458681%26s%3Dsports-and-fitness%26sr%3D1-5409-spons%26psc%3D1&qualifier=1624458681&id=7323684546227495&widgetName=sp_btf
0,https://www.amazon.com/gp/slredirect/picassoRedirect.html/ref=pa_sp_atf_next_sports-and-fitness_sr_pg229_1?ie=UTF8&adId=A04026372PDRT2RIN1P4Y&url=%2FAlignment-Carrying-surface-Pilates-Exercise%2Fdp%2FB08SBV9464%2Fref%3Dsr_1_5473_sspa%3Fdchild%3D1%26keywords%3Dyoga%2Bmats%26qid%3D1624458682%26s%3Dsports-and-fitness%26sr%3D1-5473-spons%26psc%3D1&qualifier=1624458682&id=7294330836682743&widgetName=sp_atf_next
1,https://www.amazon.com/gp/slredirect/picassoRedirect.html/ref=pa_sp_atf_next_sports-and-fitness_sr_pg229_1?ie=UTF8&adId=A01722052FW75WADYH1HW&url=%2FDensity-Alignment-Carrying-surface-Exercise%2Fdp%2FB08SBYZZHJ%2Fref%3Dsr_1_5474_sspa%3Fdchild%3D1%26keywords%3Dyoga%2Bmats%26qid%3D1624458682%26s%3Dsports-and-fitness%26sr%3D1-5474-spons%26psc%3D1&qualifier=1624458682&id=7294330836682743&widgetName=sp_atf_next
2,https://www.amazon.com/gp/slredirect/picassoRedirect.html/ref=pa_sp_atf_next_sports-and-fitness_sr_pg229_1?ie=UTF8&adId=A01502781JKB1W8BPO0FQ&url=%2FVictor-Fitness-Friendly-Material-Workouts%2Fdp%2FB08BH4YJJS%2Fref%3Dsr_1_5475_sspa%3Fdchild%3D1%26keywords%3Dyoga%2Bmats%26qid%3D1624458682%26s%3Dsports-and-fitness%26sr%3D1-5475-spons%26psc%3D1%26smid%3DA2V3063JU9685N&qualifier=1624458682&id=7294330836682743&widgetName=sp_atf_next
3,https://www.amazon.com/LEVEIS-Realistic-Football-Exercise-Workout/dp/B08Y5BVF1G/ref=sr_1_5476?dchild=1&keywords=yoga+mats&qid=1624458682&s=sports-and-fitness&sr=1-5476
4,https://www.amazon.com/Unicey-Desert-Pattern-Exercise-Pilates/dp/B08Y5BTHKK/ref=sr_1_5477?dchild=1&keywords=yoga+mats&qid=1624458682&s=sports-and-fitness&sr=1-5477
5,https://www.amazon.com/LEVEIS-Mandala-Pattern-Exercise-Workout/dp/B08Y5BSW8X/ref=sr_1_5478?dchild=1&keywords=yoga+mats&qid=1624458682&s=sports-and-fitness&sr=1-5478
6,https://www.amazon.com/Unicey-Pattern-Exercise-Pilates-4-Inch/dp/B08Y5BKQDW/ref=sr_1_5479?dchild=1&keywords=yoga+mats&qid=1624458682&s=sports-and-fitness&sr=1-5479
7,https://www.amazon.com/LEVEIS-Butterfly-Exercise-Workout-Travel/dp/B08Y59CLKG/ref=sr_1_5480?dchild=1&keywords=yoga+mats&qid=1624458682&s=sports-and-fitness&sr=1-5480
8,https://www.amazon.com/LEVEIS-Abstract-Football-Pattern-Exercise/dp/B08Y599GS4/ref=sr_1_5481?dchild=1&keywords=yoga+mats&qid=1624458682&s=sports-and-fitness&sr=1-5481
9,https://www.amazon.com/Unicey-Autumn-Pattern-Exercise-Pilates/dp/B08Y586XQS/ref=sr_1_5482?dchild=1&keywords=yoga+mats&qid=1624458682&s=sports-and-fitness&sr=1-5482
10,https://www.amazon.com/LEVEIS-Soccer-Football-Exercise-Workout/dp/B08Y5817P3/ref=sr_1_5483?dchild=1&keywords=yoga+mats&qid=1624458682&s=sports-and-fitness&sr=1-5483
11,https://www.amazon.com/LEVEIS-Basketball-Football-Exercise-Workout/dp/B08Y57XRM1/ref=sr_1_5484?dchild=1&keywords=yoga+mats&qid=1624458682&s=sports-and-fitness&sr=1-5484
12,https://www.amazon.com/Unicey-Abstract-Pattern-Exercise-Pilates/dp/B08Y57QVLQ/ref=sr_1_5485?dchild=1&keywords=yoga+mats&qid=1624458682&s=sports-and-fitness&sr=1-5485
13,https://www.amazon.com/LEVEIS-Creative-Abstract-Football-Exercise/dp/B08Y57PMK7/ref=sr_1_5486?dchild=1&keywords=yoga+mats&qid=1624458682&s=sports-and-fitness&sr=1-5486
14,https://www.amazon.com/LEVEIS-Pattern-Football-Exercise-Workout/dp/B08Y57MH9C/ref=sr_1_5487?dchild=1&keywords=yoga+mats&qid=1624458682&s=sports-and-fitness&sr=1-5487
15,https://www.amazon.com/gp/slredirect/picassoRedirect.html/ref=pa_sp_mtf_sports-and-fitness_sr_pg229_1?ie=UTF8&adId=A03954011G45B8NCNPYOY&url=%2FAlbustar-Extra-Thick-Anti-Tear-Exercise%2Fdp%2FB08K8ZTCJV%2Fref%3Dsr_1_5488_sspa%3Fdchild%3D1%26keywords%3Dyoga%2Bmats%26qid%3D1624458682%26s%3Dsports-and-fitness%26sr%3D1-5488-spons%26psc%3D1&qualifier=1624458682&id=7294330836682743&widgetName=sp_mtf
16,https://www.amazon.com/gp/slredirect/picassoRedirect.html/ref=pa_sp_mtf_sports-and-fitness_sr_pg229_1?ie=UTF8&adId=A03342323VN39AIIVYWUW&url=%2FWWWW-Friendly-Exercise-Workout-Fitness%2Fdp%2FB086W3L1X2%2Fref%3Dsr_1_5489_sspa%3Fdchild%3D1%26keywords%3Dyoga%2Bmats%26qid%3D1624458682%26s%3Dsports-and-fitness%26sr%3D1-5489-spons%26psc%3D1&qualifier=1624458682&id=7294330836682743&widgetName=sp_mtf
17,https://www.amazon.com/gp/slredirect/picassoRedirect.html/ref=pa_sp_mtf_sports-and-fitness_sr_pg229_1?ie=UTF8&adId=A0654264FVEUWYNZ6CFF&url=%2FJpodream-Exercise-Workout-Carrying-Eco-Friendly%2Fdp%2FB08V52JDGJ%2Fref%3Dsr_1_5490_sspa%3Fdchild%3D1%26keywords%3Dyoga%2Bmats%26qid%3D1624458682%26s%3Dsports-and-fitness%26sr%3D1-5490-spons%26psc%3D1&qualifier=1624458682&id=7294330836682743&widgetName=sp_mtf
18,https://www.amazon.com/Unicey-Traditional-Chinese-Pattern-Exercise/dp/B08Y57H9ZD/ref=sr_1_5491?dchild=1&keywords=yoga+mats&qid=1624458682&s=sports-and-fitness&sr=1-5491
19,https://www.amazon.com/LEVEIS-Football-Scoccer-Basketball-Exercise/dp/B08Y57DP3L/ref=sr_1_5492?dchild=1&keywords=yoga+mats&qid=1624458682&s=sports-and-fitness&sr=1-5492
20,https://www.amazon.com/LEVEIS-Skull-Exercise-Workout-Travel/dp/B08Y576G9D/ref=sr_1_5493?dchild=1&keywords=yoga+mats&qid=1624458682&s=sports-and-fitness&sr=1-5493
21,https://www.amazon.com/Unicey-Pattern-Exercise-Pilates-4-Inch/dp/B08Y574VX1/ref=sr_1_5494?dchild=1&keywords=yoga+mats&qid=1624458682&s=sports-and-fitness&sr=1-5494
22,https://www.amazon.com/Unicey-Colorful-Hipster-Pattern-Exercise/dp/B08Y5739CD/ref=sr_1_5495?dchild=1&keywords=yoga+mats&qid=1624458682&s=sports-and-fitness&sr=1-5495
23,https://www.amazon.com/LEVEIS-Potted-Pattern-Exercise-Workout/dp/B08Y56VBPD/ref=sr_1_5496?dchild=1&keywords=yoga+mats&qid=1624458682&s=sports-and-fitness&sr=1-5496
24,https://www.amazon.com/Unicey-Dragon-Pattern-Exercise-Pilates/dp/B08Y56CWSB/ref=sr_1_5497?dchild=1&keywords=yoga+mats&qid=1624458682&s=sports-and-fitness&sr=1-5497
25,https://www.amazon.com/Animal-Pattern-Exercise-Pilates-4-Inch/dp/B08Y566PDM/ref=sr_1_5498?dchild=1&keywords=yoga+mats&qid=1624458682&s=sports-and-fitness&sr=1-5498
26,https://www.amazon.com/Unicey-Fishes-Pattern-Exercise-Pilates/dp/B08Y566D3H/ref=sr_1_5499?dchild=1&keywords=yoga+mats&qid=1624458682&s=sports-and-fitness&sr=1-5499
27,https://www.amazon.com/Unicey-Hearts-Pattern-Exercise-Pilates/dp/B08Y562WZ6/ref=sr_1_5500?dchild=1&keywords=yoga+mats&qid=1624458682&s=sports-and-fitness&sr=1-5500
28,https://www.amazon.com/LEVEIS-Soccer-Football-Exercise-Workout/dp/B08Y561ZQS/ref=sr_1_5501?dchild=1&keywords=yoga+mats&qid=1624458682&s=sports-and-fitness&sr=1-5501
29,https://www.amazon.com/LEVEIS-Football-Exercise-Workout-Travel/dp/B08Y561PJP/ref=sr_1_5502?dchild=1&keywords=yoga+mats&qid=1624458682&s=sports-and-fitness&sr=1-5502
30,https://www.amazon.com/gp/slredirect/picassoRedirect.html/ref=pa_sp_btf_sports-and-fitness_sr_pg229_1?ie=UTF8&adId=A07777591J1T1YDMC5369&url=%2FAIMERDAY-Friendly-Anti-Tear-Exercise-Carrying%2Fdp%2FB08FC8F3MM%2Fref%3Dsr_1_5503_sspa%3Fdchild%3D1%26keywords%3Dyoga%2Bmats%26qid%3D1624458682%26s%3Dsports-and-fitness%26sr%3D1-5503-spons%26psc%3D1&qualifier=1624458682&id=7294330836682743&widgetName=sp_btf
31,https://www.amazon.com/gp/slredirect/picassoRedirect.html/ref=pa_sp_btf_sports-and-fitness_sr_pg229_1?ie=UTF8&adId=A02057406QFND2LDFCYE&url=%2FNOW-YOGING-Unbeatable-Thickness-Alignment%2Fdp%2FB07MKVC89R%2Fref%3Dsr_1_5504_sspa%3Fdchild%3D1%26keywords%3Dyoga%2Bmats%26qid%3D1624458682%26s%3Dsports-and-fitness%26sr%3D1-5504-spons%26psc%3D1&qualifier=1624458682&id=7294330836682743&widgetName=sp_btf
32,https://www.amazon.com/gp/slredirect/picassoRedirect.html/ref=pa_sp_btf_sports-and-fitness_sr_pg229_1?ie=UTF8&adId=A01668931GKRVXQLAXO6K&url=%2FUnbeatable-Thickness-Alignment-Carrying-Exercise%2Fdp%2FB08FZNTJSZ%2Fref%3Dsr_1_5505_sspa%3Fdchild%3D1%26keywords%3Dyoga%2Bmats%26qid%3D1624458682%26s%3Dsports-and-fitness%26sr%3D1-5505-spons%26psc%3D1&qualifier=1624458682&id=7294330836682743&widgetName=sp_btf
0,https://www.amazon.com/gp/slredirect/picassoRedirect.html/ref=pa_sp_atf_next_sports-and-fitness_sr_pg221_1?ie=UTF8&adId=A04026372PDRT2RIN1P4Y&url=%2FAlignment-Carrying-surface-Pilates-Exercise%2Fdp%2FB08SBV9464%2Fref%3Dsr_1_5281_sspa%3Fdchild%3D1%26keywords%3Dyoga%2Bmats%26qid%3D1624458681%26s%3Dsports-and-fitness%26sr%3D1-5281-spons%26psc%3D1&qualifier=1624458681&id=8444651959251487&widgetName=sp_atf_next
1,https://www.amazon.com/gp/slredirect/picassoRedirect.html/ref=pa_sp_atf_next_sports-and-fitness_sr_pg221_1?ie=UTF8&adId=A01722052FW75WADYH1HW&url=%2FDensity-Alignment-Carrying-surface-Exercise%2Fdp%2FB08SBYZZHJ%2Fref%3Dsr_1_5282_sspa%3Fdchild%3D1%26keywords%3Dyoga%2Bmats%26qid%3D1624458681%26s%3Dsports-and-fitness%26sr%3D1-5282-spons%26psc%3D1&qualifier=1624458681&id=8444651959251487&widgetName=sp_atf_next
2,https://www.amazon.com/gp/slredirect/picassoRedirect.html/ref=pa_sp_atf_next_sports-and-fitness_sr_pg221_1?ie=UTF8&adId=A064721633GFEHS1FOH7V&url=%2FEco-friendly-Thickened-Protection-Professional-Gymnastics%2Fdp%2FB08F3S84TB%2Fref%3Dsr_1_5283_sspa%3Fdchild%3D1%26keywords%3Dyoga%2Bmats%26qid%3D1624458681%26s%3Dsports-and-fitness%26sr%3D1-5283-spons%26psc%3D1&qualifier=1624458681&id=8444651959251487&widgetName=sp_atf_next
3,https://www.amazon.com/VVIEER-Pilates-Fitness-Exercise-Friendly/dp/B08CV9VC3G/ref=sr_1_5284?dchild=1&keywords=yoga+mats&qid=1624458681&s=sports-and-fitness&sr=1-5284
4,https://www.amazon.com/VVIEER-Pilates-Fitness-Exercise-Friendly/dp/B08CV9TRQP/ref=sr_1_5285?dchild=1&keywords=yoga+mats&qid=1624458681&s=sports-and-fitness&sr=1-5285
5,https://www.amazon.com/VVIEER-Pilates-Fitness-Exercise-Friendly/dp/B08CV9S2HF/ref=sr_1_5286?dchild=1&keywords=yoga+mats&qid=1624458681&s=sports-and-fitness&sr=1-5286
6,https://www.amazon.com/VVIEER-Pilates-Fitness-Exercise-Friendly/dp/B08CV9RS24/ref=sr_1_5287?dchild=1&keywords=yoga+mats&qid=1624458681&s=sports-and-fitness&sr=1-5287
7,https://www.amazon.com/VVIEER-Pilates-Fitness-Exercise-Friendly/dp/B08CV9M7BS/ref=sr_1_5288?dchild=1&keywords=yoga+mats&qid=1624458681&s=sports-and-fitness&sr=1-5288
8,https://www.amazon.com/VVIEER-Pilates-Fitness-Exercise-Friendly/dp/B08CV9HSMZ/ref=sr_1_5289?dchild=1&keywords=yoga+mats&qid=1624458681&s=sports-and-fitness&sr=1-5289
9,https://www.amazon.com/VVIEER-Pilates-Fitness-Exercise-Friendly/dp/B08CV9FS3L/ref=sr_1_5290?dchild=1&keywords=yoga+mats&qid=1624458681&s=sports-and-fitness&sr=1-5290
10,https://www.amazon.com/VVIEER-Pilates-Fitness-Exercise-Friendly/dp/B08CV9DQ5Q/ref=sr_1_5291?dchild=1&keywords=yoga+mats&qid=1624458681&s=sports-and-fitness&sr=1-5291
11,https://www.amazon.com/VVIEER-Pilates-Fitness-Exercise-Friendly/dp/B08CV8VWDQ/ref=sr_1_5292?dchild=1&keywords=yoga+mats&qid=1624458681&s=sports-and-fitness&sr=1-5292
12,https://www.amazon.com/VVIEER-Pilates-Fitness-Exercise-Friendly/dp/B08CV8LTDN/ref=sr_1_5293?dchild=1&keywords=yoga+mats&qid=1624458681&s=sports-and-fitness&sr=1-5293
13,https://www.amazon.com/VVIEER-Pilates-Fitness-Exercise-Friendly/dp/B08CV8J6Y1/ref=sr_1_5294?dchild=1&keywords=yoga+mats&qid=1624458681&s=sports-and-fitness&sr=1-5294
14,https://www.amazon.com/VVIEER-Pilates-Fitness-Exercise-Friendly/dp/B08CV858XM/ref=sr_1_5295?dchild=1&keywords=yoga+mats&qid=1624458681&s=sports-and-fitness&sr=1-5295
15,https://www.amazon.com/gp/slredirect/picassoRedirect.html/ref=pa_sp_mtf_sports-and-fitness_sr_pg221_1?ie=UTF8&adId=A02057406QFND2LDFCYE&url=%2FNOW-YOGING-Unbeatable-Thickness-Alignment%2Fdp%2FB07MKVC89R%2Fref%3Dsr_1_5296_sspa%3Fdchild%3D1%26keywords%3Dyoga%2Bmats%26qid%3D1624458681%26s%3Dsports-and-fitness%26sr%3D1-5296-spons%26psc%3D1&qualifier=1624458681&id=8444651959251487&widgetName=sp_mtf
16,https://www.amazon.com/gp/slredirect/picassoRedirect.html/ref=pa_sp_mtf_sports-and-fitness_sr_pg221_1?ie=UTF8&adId=A01668931GKRVXQLAXO6K&url=%2FUnbeatable-Thickness-Alignment-Carrying-Exercise%2Fdp%2FB08FZNTJSZ%2Fref%3Dsr_1_5297_sspa%3Fdchild%3D1%26keywords%3Dyoga%2Bmats%26qid%3D1624458681%26s%3Dsports-and-fitness%26sr%3D1-5297-spons%26psc%3D1&qualifier=1624458681&id=8444651959251487&widgetName=sp_mtf
17,https://www.amazon.com/gp/slredirect/picassoRedirect.html/ref=pa_sp_mtf_sports-and-fitness_sr_pg221_1?ie=UTF8&adId=A07777591J1T1YDMC5369&url=%2FAIMERDAY-Friendly-Anti-Tear-Exercise-Carrying%2Fdp%2FB08FC8F3MM%2Fref%3Dsr_1_5298_sspa%3Fdchild%3D1%26keywords%3Dyoga%2Bmats%26qid%3D1624458681%26s%3Dsports-and-fitness%26sr%3D1-5298-spons%26psc%3D1&qualifier=1624458681&id=8444651959251487&widgetName=sp_mtf
18,https://www.amazon.com/VVIEER-Pilates-Fitness-Exercise-Friendly/dp/B08CV7MLBJ/ref=sr_1_5299?dchild=1&keywords=yoga+mats&qid=1624458681&s=sports-and-fitness&sr=1-5299
19,https://www.amazon.com/VVIEER-Pilates-Fitness-Exercise-Friendly/dp/B08CV7JMKN/ref=sr_1_5300?dchild=1&keywords=yoga+mats&qid=1624458681&s=sports-and-fitness&sr=1-5300
20,https://www.amazon.com/VVIEER-Pilates-Fitness-Exercise-Friendly/dp/B08CV39J8X/ref=sr_1_5301?dchild=1&keywords=yoga+mats&qid=1624458681&s=sports-and-fitness&sr=1-5301
21,https://www.amazon.com/VVIEER-Pilates-Fitness-Exercise-Friendly/dp/B08CV3184F/ref=sr_1_5302?dchild=1&keywords=yoga+mats&qid=1624458681&s=sports-and-fitness&sr=1-5302
22,https://www.amazon.com/VVIEER-Pilates-Fitness-Exercise-Friendly/dp/B08CV2VFL2/ref=sr_1_5303?dchild=1&keywords=yoga+mats&qid=1624458681&s=sports-and-fitness&sr=1-5303
23,https://www.amazon.com/VVIEER-Pilates-Fitness-Exercise-Friendly/dp/B08CV2R8N2/ref=sr_1_5304?dchild=1&keywords=yoga+mats&qid=1624458681&s=sports-and-fitness&sr=1-5304
24,https://www.amazon.com/VVIEER-Pilates-Fitness-Exercise-Friendly/dp/B08CV2NPFQ/ref=sr_1_5305?dchild=1&keywords=yoga+mats&qid=1624458681&s=sports-and-fitness&sr=1-5305
25,https://www.amazon.com/VVIEER-Pilates-Fitness-Exercise-Friendly/dp/B08CV2CYWZ/ref=sr_1_5306?dchild=1&keywords=yoga+mats&qid=1624458681&s=sports-and-fitness&sr=1-5306
26,https://www.amazon.com/VVIEER-Pilates-Fitness-Exercise-Friendly/dp/B08CV2BQC8/ref=sr_1_5307?dchild=1&keywords=yoga+mats&qid=1624458681&s=sports-and-fitness&sr=1-5307
27,https://www.amazon.com/VVIEER-Pilates-Fitness-Exercise-Friendly/dp/B08CV29DPF/ref=sr_1_5308?dchild=1&keywords=yoga+mats&qid=1624458681&s=sports-and-fitness&sr=1-5308
28,https://www.amazon.com/VVIEER-Pilates-Fitness-Exercise-Friendly/dp/B08CV266XY/ref=sr_1_5309?dchild=1&keywords=yoga+mats&qid=1624458681&s=sports-and-fitness&sr=1-5309
29,https://www.amazon.com/VVIEER-Pilates-Fitness-Exercise-Friendly/dp/B08CV25YYQ/ref=sr_1_5310?dchild=1&keywords=yoga+mats&qid=1624458681&s=sports-and-fitness&sr=1-5310
30,https://www.amazon.com/gp/slredirect/picassoRedirect.html/ref=pa_sp_btf_sports-and-fitness_sr_pg221_1?ie=UTF8&adId=A06788223CKIVU78UW8QB&url=%2FKeolorn-Non-Slip-Friendly-Exercise-Exercises%2Fdp%2FB089W8F673%2Fref%3Dsr_1_5311_sspa%3Fdchild%3D1%26keywords%3Dyoga%2Bmats%26qid%3D1624458681%26s%3Dsports-and-fitness%26sr%3D1-5311-spons%26psc%3D1&qualifier=1624458681&id=8444651959251487&widgetName=sp_btf
31,https://www.amazon.com/gp/slredirect/picassoRedirect.html/ref=pa_sp_btf_sports-and-fitness_sr_pg221_1?ie=UTF8&adId=A03342323VN39AIIVYWUW&url=%2FWWWW-Friendly-Exercise-Workout-Fitness%2Fdp%2FB086W3L1X2%2Fref%3Dsr_1_5312_sspa%3Fdchild%3D1%26keywords%3Dyoga%2Bmats%26qid%3D1624458681%26s%3Dsports-and-fitness%26sr%3D1-5312-spons%26psc%3D1&qualifier=1624458681&id=8444651959251487&widgetName=sp_btf
32,https://www.amazon.com/gp/slredirect/picassoRedirect.html/ref=pa_sp_btf_sports-and-fitness_sr_pg221_1?ie=UTF8&adId=A09133102IFESUKL4MYHN&url=%2FExercise-Fitness-Non-Slip-Pilates-Meditation%2Fdp%2FB08PFS8H5V%2Fref%3Dsr_1_5313_sspa%3Fdchild%3D1%26keywords%3Dyoga%2Bmats%26qid%3D1624458681%26s%3Dsports-and-fitness%26sr%3D1-5313-spons%26psc%3D1&qualifier=1624458681&id=8444651959251487&widgetName=sp_btf
0,https://www.amazon.com/gp/slredirect/picassoRedirect.html/ref=pa_sp_atf_next_sports-and-fitness_sr_pg223_1?ie=UTF8&adId=A01722052FW75WADYH1HW&url=%2FDensity-Alignment-Carrying-surface-Exercise%2Fdp%2FB08SBYZZHJ%2Fref%3Dsr_1_5329_sspa%3Fdchild%3D1%26keywords%3Dyoga%2Bmats%26qid%3D1624458682%26s%3Dsports-and-fitness%26sr%3D1-5329-spons%26psc%3D1&qualifier=1624458682&id=1089926222656042&widgetName=sp_atf_next
1,https://www.amazon.com/gp/slredirect/picassoRedirect.html/ref=pa_sp_atf_next_sports-and-fitness_sr_pg223_1?ie=UTF8&adId=A09133102IFESUKL4MYHN&url=%2FExercise-Fitness-Non-Slip-Pilates-Meditation%2Fdp%2FB08PFS8H5V%2Fref%3Dsr_1_5330_sspa%3Fdchild%3D1%26keywords%3Dyoga%2Bmats%26qid%3D1624458682%26s%3Dsports-and-fitness%26sr%3D1-5330-spons%26psc%3D1&qualifier=1624458682&id=1089926222656042&widgetName=sp_atf_next
2,https://www.amazon.com/gp/slredirect/picassoRedirect.html/ref=pa_sp_atf_next_sports-and-fitness_sr_pg223_1?ie=UTF8&adId=A064721633GFEHS1FOH7V&url=%2FEco-friendly-Thickened-Protection-Professional-Gymnastics%2Fdp%2FB08F3S84TB%2Fref%3Dsr_1_5331_sspa%3Fdchild%3D1%26keywords%3Dyoga%2Bmats%26qid%3D1624458682%26s%3Dsports-and-fitness%26sr%3D1-5331-spons%26psc%3D1&qualifier=1624458682&id=1089926222656042&widgetName=sp_atf_next
3,https://www.amazon.com/Naanle-Carrying-Exercise-Lightweight-Stretching/dp/B08BRDXVML/ref=sr_1_5332?dchild=1&keywords=yoga+mats&qid=1624458682&s=sports-and-fitness&sr=1-5332
4,https://www.amazon.com/Naanle-Carrying-Exercise-Lightweight-Stretching/dp/B08BRDHVN1/ref=sr_1_5333?dchild=1&keywords=yoga+mats&qid=1624458682&s=sports-and-fitness&sr=1-5333
5,https://www.amazon.com/Naanle-Carrying-Exercise-Lightweight-Stretching/dp/B08BRD4M1P/ref=sr_1_5334?dchild=1&keywords=yoga+mats&qid=1624458682&s=sports-and-fitness&sr=1-5334
6,https://www.amazon.com/Naanle-Carrying-Exercise-Lightweight-Stretching/dp/B08BRCX41L/ref=sr_1_5335?dchild=1&keywords=yoga+mats&qid=1624458682&s=sports-and-fitness&sr=1-5335
7,https://www.amazon.com/Naanle-Fantastic-Carrying-Lightweight-Stretching/dp/B08BRCG1KB/ref=sr_1_5336?dchild=1&keywords=yoga+mats&qid=1624458682&s=sports-and-fitness&sr=1-5336
8,https://www.amazon.com/Naanle-Carrying-Exercise-Lightweight-Stretching/dp/B08BRC8NQ9/ref=sr_1_5337?dchild=1&keywords=yoga+mats&qid=1624458682&s=sports-and-fitness&sr=1-5337
9,https://www.amazon.com/Naanle-Carrying-Exercise-Lightweight-Stretching/dp/B08BRC3YQS/ref=sr_1_5338?dchild=1&keywords=yoga+mats&qid=1624458682&s=sports-and-fitness&sr=1-5338
10,https://www.amazon.com/Naanle-Camouflage-Dinosaur-Lightweight-Stretching/dp/B08BRC2Y1R/ref=sr_1_5339?dchild=1&keywords=yoga+mats&qid=1624458682&s=sports-and-fitness&sr=1-5339
11,https://www.amazon.com/Naanle-Carrying-Exercise-Lightweight-Stretching/dp/B08BRB6PJQ/ref=sr_1_5340?dchild=1&keywords=yoga+mats&qid=1624458682&s=sports-and-fitness&sr=1-5340
12,https://www.amazon.com/Naanle-Carrying-Exercise-Lightweight-Stretching/dp/B08BRB4TTM/ref=sr_1_5341?dchild=1&keywords=yoga+mats&qid=1624458682&s=sports-and-fitness&sr=1-5341
13,https://www.amazon.com/Naanle-Carrying-Exercise-Lightweight-Stretching/dp/B08BRB4684/ref=sr_1_5342?dchild=1&keywords=yoga+mats&qid=1624458682&s=sports-and-fitness&sr=1-5342
14,https://www.amazon.com/Naanle-Dinosaur-Carrying-Lightweight-Stretching/dp/B08BRB2W81/ref=sr_1_5343?dchild=1&keywords=yoga+mats&qid=1624458682&s=sports-and-fitness&sr=1-5343
15,https://www.amazon.com/gp/slredirect/picassoRedirect.html/ref=pa_sp_mtf_sports-and-fitness_sr_pg223_1?ie=UTF8&adId=A02057406QFND2LDFCYE&url=%2FNOW-YOGING-Unbeatable-Thickness-Alignment%2Fdp%2FB07MKVC89R%2Fref%3Dsr_1_5344_sspa%3Fdchild%3D1%26keywords%3Dyoga%2Bmats%26qid%3D1624458682%26s%3Dsports-and-fitness%26sr%3D1-5344-spons%26psc%3D1&qualifier=1624458682&id=1089926222656042&widgetName=sp_mtf
16,https://www.amazon.com/gp/slredirect/picassoRedirect.html/ref=pa_sp_mtf_sports-and-fitness_sr_pg223_1?ie=UTF8&adId=A01668931GKRVXQLAXO6K&url=%2FUnbeatable-Thickness-Alignment-Carrying-Exercise%2Fdp%2FB08FZNTJSZ%2Fref%3Dsr_1_5345_sspa%3Fdchild%3D1%26keywords%3Dyoga%2Bmats%26qid%3D1624458682%26s%3Dsports-and-fitness%26sr%3D1-5345-spons%26psc%3D1&qualifier=1624458682&id=1089926222656042&widgetName=sp_mtf
17,https://www.amazon.com/gp/slredirect/picassoRedirect.html/ref=pa_sp_mtf_sports-and-fitness_sr_pg223_1?ie=UTF8&adId=A07777591J1T1YDMC5369&url=%2FAIMERDAY-Friendly-Anti-Tear-Exercise-Carrying%2Fdp%2FB08FC8F3MM%2Fref%3Dsr_1_5346_sspa%3Fdchild%3D1%26keywords%3Dyoga%2Bmats%26qid%3D1624458682%26s%3Dsports-and-fitness%26sr%3D1-5346-spons%26psc%3D1&qualifier=1624458682&id=1089926222656042&widgetName=sp_mtf
18,https://www.amazon.com/Naanle-Carrying-Exercise-Lightweight-Stretching/dp/B08BR9VQTM/ref=sr_1_5347?dchild=1&keywords=yoga+mats&qid=1624458682&s=sports-and-fitness&sr=1-5347
19,https://www.amazon.com/Naanle-Carrying-Exercise-Lightweight-Stretching/dp/B08BR9V321/ref=sr_1_5348?dchild=1&keywords=yoga+mats&qid=1624458682&s=sports-and-fitness&sr=1-5348
20,https://www.amazon.com/Naanle-Carrying-Exercise-Lightweight-Stretching/dp/B08BR9Q6KS/ref=sr_1_5349?dchild=1&keywords=yoga+mats&qid=1624458682&s=sports-and-fitness&sr=1-5349
21,https://www.amazon.com/Naanle-Carrying-Watercolor-Lightweight-Stretching/dp/B08BR9BXY7/ref=sr_1_5350?dchild=1&keywords=yoga+mats&qid=1624458682&s=sports-and-fitness&sr=1-5350
22,https://www.amazon.com/Naanle-Carrying-Exercise-Lightweight-Stretching/dp/B08BR96K9W/ref=sr_1_5351?dchild=1&keywords=yoga+mats&qid=1624458682&s=sports-and-fitness&sr=1-5351
23,https://www.amazon.com/Naanle-Avocados-Carrying-Lightweight-Stretching/dp/B08BR8S6FR/ref=sr_1_5352?dchild=1&keywords=yoga+mats&qid=1624458682&s=sports-and-fitness&sr=1-5352
24,https://www.amazon.com/Naanle-Carrying-Exercise-Lightweight-Stretching/dp/B08BR8LF9R/ref=sr_1_5353?dchild=1&keywords=yoga+mats&qid=1624458682&s=sports-and-fitness&sr=1-5353
25,https://www.amazon.com/Naanle-Carrying-Cherry-Blossom-Lightweight-Stretching/dp/B08BR8CDLW/ref=sr_1_5354?dchild=1&keywords=yoga+mats&qid=1624458682&s=sports-and-fitness&sr=1-5354
26,https://www.amazon.com/Naanle-Colorful-Dinosaur-Lightweight-Stretching/dp/B08BR8759R/ref=sr_1_5355?dchild=1&keywords=yoga+mats&qid=1624458682&s=sports-and-fitness&sr=1-5355
27,https://www.amazon.com/Naanle-Carrying-Exercise-Lightweight-Stretching/dp/B08BR845FP/ref=sr_1_5356?dchild=1&keywords=yoga+mats&qid=1624458682&s=sports-and-fitness&sr=1-5356
28,https://www.amazon.com/Naanle-Carrying-Painting-Lightweight-Stretching/dp/B08BR82H9B/ref=sr_1_5357?dchild=1&keywords=yoga+mats&qid=1624458682&s=sports-and-fitness&sr=1-5357
29,https://www.amazon.com/Naanle-Fantastic-Carrying-Lightweight-Stretching/dp/B08BR7H61J/ref=sr_1_5358?dchild=1&keywords=yoga+mats&qid=1624458682&s=sports-and-fitness&sr=1-5358
30,https://www.amazon.com/gp/slredirect/picassoRedirect.html/ref=pa_sp_btf_sports-and-fitness_sr_pg223_1?ie=UTF8&adId=A06788223CKIVU78UW8QB&url=%2FKeolorn-Non-Slip-Friendly-Exercise-Exercises%2Fdp%2FB089W8F673%2Fref%3Dsr_1_5359_sspa%3Fdchild%3D1%26keywords%3Dyoga%2Bmats%26qid%3D1624458682%26s%3Dsports-and-fitness%26sr%3D1-5359-spons%26psc%3D1&qualifier=1624458682&id=1089926222656042&widgetName=sp_btf
31,https://www.amazon.com/gp/slredirect/picassoRedirect.html/ref=pa_sp_btf_sports-and-fitness_sr_pg223_1?ie=UTF8&adId=A03342323VN39AIIVYWUW&url=%2FWWWW-Friendly-Exercise-Workout-Fitness%2Fdp%2FB086W3L1X2%2Fref%3Dsr_1_5360_sspa%3Fdchild%3D1%26keywords%3Dyoga%2Bmats%26qid%3D1624458682%26s%3Dsports-and-fitness%26sr%3D1-5360-spons%26psc%3D1&qualifier=1624458682&id=1089926222656042&widgetName=sp_btf
32,https://www.amazon.com/gp/slredirect/picassoRedirect.html/ref=pa_sp_btf_sports-and-fitness_sr_pg223_1?ie=UTF8&adId=A04026372PDRT2RIN1P4Y&url=%2FAlignment-Carrying-surface-Pilates-Exercise%2Fdp%2FB08SBV9464%2Fref%3Dsr_1_5361_sspa%3Fdchild%3D1%26keywords%3Dyoga%2Bmats%26qid%3D1624458682%26s%3Dsports-and-fitness%26sr%3D1-5361-spons%26psc%3D1&qualifier=1624458682&id=1089926222656042&widgetName=sp_btf
0,https://www.amazon.com/gp/slredirect/picassoRedirect.html/ref=pa_sp_atf_next_sports-and-fitness_sr_pg227_1?ie=UTF8&adId=A01722052FW75WADYH1HW&url=%2FDensity-Alignment-Carrying-surface-Exercise%2Fdp%2FB08SBYZZHJ%2Fref%3Dsr_1_5425_sspa%3Fdchild%3D1%26keywords%3Dyoga%2Bmats%26qid%3D1624458682%26s%3Dsports-and-fitness%26sr%3D1-5425-spons%26psc%3D1&qualifier=1624458682&id=805037886327178&widgetName=sp_atf_next
1,https://www.amazon.com/gp/slredirect/picassoRedirect.html/ref=pa_sp_atf_next_sports-and-fitness_sr_pg227_1?ie=UTF8&adId=A09133102IFESUKL4MYHN&url=%2FExercise-Fitness-Non-Slip-Pilates-Meditation%2Fdp%2FB08PFS8H5V%2Fref%3Dsr_1_5426_sspa%3Fdchild%3D1%26keywords%3Dyoga%2Bmats%26qid%3D1624458682%26s%3Dsports-and-fitness%26sr%3D1-5426-spons%26psc%3D1&qualifier=1624458682&id=805037886327178&widgetName=sp_atf_next
2,https://www.amazon.com/gp/slredirect/picassoRedirect.html/ref=pa_sp_atf_next_sports-and-fitness_sr_pg227_1?ie=UTF8&adId=A064721633GFEHS1FOH7V&url=%2FEco-friendly-Thickened-Protection-Professional-Gymnastics%2Fdp%2FB08F3S84TB%2Fref%3Dsr_1_5427_sspa%3Fdchild%3D1%26keywords%3Dyoga%2Bmats%26qid%3D1624458682%26s%3Dsports-and-fitness%26sr%3D1-5427-spons%26psc%3D1&qualifier=1624458682&id=805037886327178&widgetName=sp_atf_next
3,https://www.amazon.com/Naanle-CarryInchesg-Exercise-Lightweight-StretchInchesg/dp/B08BLJQ147/ref=sr_1_5428?dchild=1&keywords=yoga+mats&qid=1624458682&s=sports-and-fitness&sr=1-5428
4,https://www.amazon.com/Naanle-Carrying-Exercise-Lightweight-Stretching/dp/B08BLJPFC9/ref=sr_1_5429?dchild=1&keywords=yoga+mats&qid=1624458682&s=sports-and-fitness&sr=1-5429
5,https://www.amazon.com/Naanle-CarryInchesg-Exercise-Lightweight-StretchInchesg/dp/B08BLJM6C9/ref=sr_1_5430?dchild=1&keywords=yoga+mats&qid=1624458682&s=sports-and-fitness&sr=1-5430
6,https://www.amazon.com/Naanle-CarryInchesg-Exercise-Lightweight-StretchInchesg/dp/B08BLJLXGK/ref=sr_1_5431?dchild=1&keywords=yoga+mats&qid=1624458682&s=sports-and-fitness&sr=1-5431
7,https://www.amazon.com/Naanle-CarryInchesg-Exercise-Lightweight-StretchInchesg/dp/B08BLJLWN4/ref=sr_1_5432?dchild=1&keywords=yoga+mats&qid=1624458682&s=sports-and-fitness&sr=1-5432
8,https://www.amazon.com/Naanle-CarryInchesg-Exercise-Lightweight-StretchInchesg/dp/B08BLJLV6Q/ref=sr_1_5433?dchild=1&keywords=yoga+mats&qid=1624458682&s=sports-and-fitness&sr=1-5433
9,https://www.amazon.com/Naanle-Carrying-Halloween-Lightweight-Stretching/dp/B08BLJLRM4/ref=sr_1_5434?dchild=1&keywords=yoga+mats&qid=1624458682&s=sports-and-fitness&sr=1-5434
10,https://www.amazon.com/Naanle-CarryInchesg-Exercise-Lightweight-StretchInchesg/dp/B08BLJLKZY/ref=sr_1_5435?dchild=1&keywords=yoga+mats&qid=1624458682&s=sports-and-fitness&sr=1-5435
11,https://www.amazon.com/Naanle-CarryInchesg-Exercise-Lightweight-StretchInchesg/dp/B08BLJKQ91/ref=sr_1_5436?dchild=1&keywords=yoga+mats&qid=1624458682&s=sports-and-fitness&sr=1-5436
12,https://www.amazon.com/Naanle-CarryInchesg-Exercise-Lightweight-StretchInchesg/dp/B08BLJKN9T/ref=sr_1_5437?dchild=1&keywords=yoga+mats&qid=1624458682&s=sports-and-fitness&sr=1-5437
13,https://www.amazon.com/Naanle-CarryInchesg-Watercolor-Lightweight-StretchInchesg/dp/B08BLJKMYZ/ref=sr_1_5438?dchild=1&keywords=yoga+mats&qid=1624458682&s=sports-and-fitness&sr=1-5438
14,https://www.amazon.com/Naanle-CarryInchesg-Exercise-Lightweight-StretchInchesg/dp/B08BLJJHNR/ref=sr_1_5439?dchild=1&keywords=yoga+mats&qid=1624458682&s=sports-and-fitness&sr=1-5439
15,https://www.amazon.com/gp/slredirect/picassoRedirect.html/ref=pa_sp_mtf_sports-and-fitness_sr_pg227_1?ie=UTF8&adId=A02057406QFND2LDFCYE&url=%2FNOW-YOGING-Unbeatable-Thickness-Alignment%2Fdp%2FB07MKVC89R%2Fref%3Dsr_1_5440_sspa%3Fdchild%3D1%26keywords%3Dyoga%2Bmats%26qid%3D1624458682%26s%3Dsports-and-fitness%26sr%3D1-5440-spons%26psc%3D1&qualifier=1624458682&id=805037886327178&widgetName=sp_mtf
16,https://www.amazon.com/gp/slredirect/picassoRedirect.html/ref=pa_sp_mtf_sports-and-fitness_sr_pg227_1?ie=UTF8&adId=A01668931GKRVXQLAXO6K&url=%2FUnbeatable-Thickness-Alignment-Carrying-Exercise%2Fdp%2FB08FZNTJSZ%2Fref%3Dsr_1_5441_sspa%3Fdchild%3D1%26keywords%3Dyoga%2Bmats%26qid%3D1624458682%26s%3Dsports-and-fitness%26sr%3D1-5441-spons%26psc%3D1&qualifier=1624458682&id=805037886327178&widgetName=sp_mtf
17,https://www.amazon.com/gp/slredirect/picassoRedirect.html/ref=pa_sp_mtf_sports-and-fitness_sr_pg227_1?ie=UTF8&adId=A07777591J1T1YDMC5369&url=%2FAIMERDAY-Friendly-Anti-Tear-Exercise-Carrying%2Fdp%2FB08FC8F3MM%2Fref%3Dsr_1_5442_sspa%3Fdchild%3D1%26keywords%3Dyoga%2Bmats%26qid%3D1624458682%26s%3Dsports-and-fitness%26sr%3D1-5442-spons%26psc%3D1&qualifier=1624458682&id=805037886327178&widgetName=sp_mtf
18,https://www.amazon.com/Naanle-CarryInchesg-Exercise-Lightweight-StretchInchesg/dp/B08BLJG3JP/ref=sr_1_5443?dchild=1&keywords=yoga+mats&qid=1624458682&s=sports-and-fitness&sr=1-5443
19,https://www.amazon.com/Naanle-CarryInchesg-Exercise-Lightweight-StretchInchesg/dp/B08BLJFMVX/ref=sr_1_5444?dchild=1&keywords=yoga+mats&qid=1624458682&s=sports-and-fitness&sr=1-5444
20,https://www.amazon.com/Naanle-CarryInchesg-Exercise-Lightweight-StretchInchesg/dp/B08BLJF96Q/ref=sr_1_5445?dchild=1&keywords=yoga+mats&qid=1624458682&s=sports-and-fitness&sr=1-5445
21,https://www.amazon.com/Naanle-CarryInchesg-Exercise-Lightweight-StretchInchesg/dp/B08BLJDL9T/ref=sr_1_5446?dchild=1&keywords=yoga+mats&qid=1624458682&s=sports-and-fitness&sr=1-5446
22,https://www.amazon.com/Naanle-CarryInchesg-Exercise-Lightweight-StretchInchesg/dp/B08BLJCRDP/ref=sr_1_5447?dchild=1&keywords=yoga+mats&qid=1624458682&s=sports-and-fitness&sr=1-5447
23,https://www.amazon.com/Naanle-CarryInchesg-DInchesosaur-Lightweight-StretchInchesg/dp/B08BLJCNPT/ref=sr_1_5448?dchild=1&keywords=yoga+mats&qid=1624458682&s=sports-and-fitness&sr=1-5448
24,https://www.amazon.com/Naanle-American-Football-Lightweight-Stretching/dp/B08BLJCD11/ref=sr_1_5449?dchild=1&keywords=yoga+mats&qid=1624458682&s=sports-and-fitness&sr=1-5449
25,https://www.amazon.com/Naanle-CarryInchesg-Exercise-Lightweight-StretchInchesg/dp/B08BLJBR16/ref=sr_1_5450?dchild=1&keywords=yoga+mats&qid=1624458682&s=sports-and-fitness&sr=1-5450
26,https://www.amazon.com/Naanle-CarryInchesg-Exercise-Lightweight-StretchInchesg/dp/B08BLJBMP3/ref=sr_1_5451?dchild=1&keywords=yoga+mats&qid=1624458682&s=sports-and-fitness&sr=1-5451
27,https://www.amazon.com/Naanle-CarryInchesg-Watercolor-Lightweight-StretchInchesg/dp/B08BLJ9R2M/ref=sr_1_5452?dchild=1&keywords=yoga+mats&qid=1624458682&s=sports-and-fitness&sr=1-5452
28,https://www.amazon.com/Naanle-CarryInchesg-Exercise-Lightweight-StretchInchesg/dp/B08BLJ95VM/ref=sr_1_5453?dchild=1&keywords=yoga+mats&qid=1624458682&s=sports-and-fitness&sr=1-5453
29,https://www.amazon.com/Naanle-Watercolor-Halloween-Lightweight-Stretching/dp/B08BLJ8B1X/ref=sr_1_5454?dchild=1&keywords=yoga+mats&qid=1624458682&s=sports-and-fitness&sr=1-5454
30,https://www.amazon.com/gp/slredirect/picassoRedirect.html/ref=pa_sp_btf_sports-and-fitness_sr_pg227_1?ie=UTF8&adId=A06788223CKIVU78UW8QB&url=%2FKeolorn-Non-Slip-Friendly-Exercise-Exercises%2Fdp%2FB089W8F673%2Fref%3Dsr_1_5455_sspa%3Fdchild%3D1%26keywords%3Dyoga%2Bmats%26qid%3D1624458682%26s%3Dsports-and-fitness%26sr%3D1-5455-spons%26psc%3D1&qualifier=1624458682&id=805037886327178&widgetName=sp_btf
31,https://www.amazon.com/gp/slredirect/picassoRedirect.html/ref=pa_sp_btf_sports-and-fitness_sr_pg227_1?ie=UTF8&adId=A03342323VN39AIIVYWUW&url=%2FWWWW-Friendly-Exercise-Workout-Fitness%2Fdp%2FB086W3L1X2%2Fref%3Dsr_1_5456_sspa%3Fdchild%3D1%26keywords%3Dyoga%2Bmats%26qid%3D1624458682%26s%3Dsports-and-fitness%26sr%3D1-5456-spons%26psc%3D1&qualifier=1624458682&id=805037886327178&widgetName=sp_btf
32,https://www.amazon.com/gp/slredirect/picassoRedirect.html/ref=pa_sp_btf_sports-and-fitness_sr_pg227_1?ie=UTF8&adId=A04026372PDRT2RIN1P4Y&url=%2FAlignment-Carrying-surface-Pilates-Exercise%2Fdp%2FB08SBV9464%2Fref%3Dsr_1_5457_sspa%3Fdchild%3D1%26keywords%3Dyoga%2Bmats%26qid%3D1624458682%26s%3Dsports-and-fitness%26sr%3D1-5457-spons%26psc%3D1&qualifier=1624458682&id=805037886327178&widgetName=sp_btf
0,https://www.amazon.com/gp/slredirect/picassoRedirect.html/ref=pa_sp_atf_next_sports-and-fitness_sr_pg220_1?ie=UTF8&adId=A04026372PDRT2RIN1P4Y&url=%2FAlignment-Carrying-surface-Pilates-Exercise%2Fdp%2FB08SBV9464%2Fref%3Dsr_1_5257_sspa%3Fdchild%3D1%26keywords%3Dyoga%2Bmats%26qid%3D1624458682%26s%3Dsports-and-fitness%26sr%3D1-5257-spons%26psc%3D1&qualifier=1624458682&id=8112006841761328&widgetName=sp_atf_next
1,https://www.amazon.com/gp/slredirect/picassoRedirect.html/ref=pa_sp_atf_next_sports-and-fitness_sr_pg220_1?ie=UTF8&adId=A01722052FW75WADYH1HW&url=%2FDensity-Alignment-Carrying-surface-Exercise%2Fdp%2FB08SBYZZHJ%2Fref%3Dsr_1_5258_sspa%3Fdchild%3D1%26keywords%3Dyoga%2Bmats%26qid%3D1624458682%26s%3Dsports-and-fitness%26sr%3D1-5258-spons%26psc%3D1&qualifier=1624458682&id=8112006841761328&widgetName=sp_atf_next
2,https://www.amazon.com/gp/slredirect/picassoRedirect.html/ref=pa_sp_atf_next_sports-and-fitness_sr_pg220_1?ie=UTF8&adId=A064721633GFEHS1FOH7V&url=%2FEco-friendly-Thickened-Protection-Professional-Gymnastics%2Fdp%2FB08F3S84TB%2Fref%3Dsr_1_5259_sspa%3Fdchild%3D1%26keywords%3Dyoga%2Bmats%26qid%3D1624458682%26s%3Dsports-and-fitness%26sr%3D1-5259-spons%26psc%3D1&qualifier=1624458682&id=8112006841761328&widgetName=sp_atf_next
3,https://www.amazon.com/VVIEER-Pilates-Fitness-Exercise-Friendly/dp/B08DFJZ5MV/ref=sr_1_5260?dchild=1&keywords=yoga+mats&qid=1624458682&s=sports-and-fitness&sr=1-5260
4,https://www.amazon.com/VVIEER-Pilates-Fitness-Exercise-Friendly/dp/B08DFJZ5MS/ref=sr_1_5261?dchild=1&keywords=yoga+mats&qid=1624458682&s=sports-and-fitness&sr=1-5261
5,https://www.amazon.com/VVIEER-Pilates-Fitness-Exercise-Friendly/dp/B08D8X2GQQ/ref=sr_1_5262?dchild=1&keywords=yoga+mats&qid=1624458682&s=sports-and-fitness&sr=1-5262
6,https://www.amazon.com/VVIEER-Pilates-Fitness-Exercise-Friendly/dp/B08D8WP3CS/ref=sr_1_5263?dchild=1&keywords=yoga+mats&qid=1624458682&s=sports-and-fitness&sr=1-5263
7,https://www.amazon.com/VVIEER-Pilates-Fitness-Exercise-Friendly/dp/B08CVC8655/ref=sr_1_5264?dchild=1&keywords=yoga+mats&qid=1624458682&s=sports-and-fitness&sr=1-5264
8,https://www.amazon.com/VVIEER-Pilates-Fitness-Exercise-Friendly/dp/B08CVC82XJ/ref=sr_1_5265?dchild=1&keywords=yoga+mats&qid=1624458682&s=sports-and-fitness&sr=1-5265
9,https://www.amazon.com/VVIEER-Pilates-Fitness-Exercise-Friendly/dp/B08CVBX32B/ref=sr_1_5266?dchild=1&keywords=yoga+mats&qid=1624458682&s=sports-and-fitness&sr=1-5266
10,https://www.amazon.com/VVIEER-Pilates-Fitness-Exercise-Friendly/dp/B08CVBRGMZ/ref=sr_1_5267?dchild=1&keywords=yoga+mats&qid=1624458682&s=sports-and-fitness&sr=1-5267
11,https://www.amazon.com/VVIEER-Pilates-Fitness-Exercise-Friendly/dp/B08CVBPR88/ref=sr_1_5268?dchild=1&keywords=yoga+mats&qid=1624458682&s=sports-and-fitness&sr=1-5268
12,https://www.amazon.com/VVIEER-Pilates-Fitness-Exercise-Friendly/dp/B08CVBL7BN/ref=sr_1_5269?dchild=1&keywords=yoga+mats&qid=1624458682&s=sports-and-fitness&sr=1-5269
13,https://www.amazon.com/VVIEER-Pilates-Fitness-Exercise-Friendly/dp/B08CVBJFJZ/ref=sr_1_5270?dchild=1&keywords=yoga+mats&qid=1624458682&s=sports-and-fitness&sr=1-5270
14,https://www.amazon.com/VVIEER-Pilates-Fitness-Exercise-Friendly/dp/B08CVB6T21/ref=sr_1_5271?dchild=1&keywords=yoga+mats&qid=1624458682&s=sports-and-fitness&sr=1-5271
15,https://www.amazon.com/gp/slredirect/picassoRedirect.html/ref=pa_sp_mtf_sports-and-fitness_sr_pg220_1?ie=UTF8&adId=A02057406QFND2LDFCYE&url=%2FNOW-YOGING-Unbeatable-Thickness-Alignment%2Fdp%2FB07MKVC89R%2Fref%3Dsr_1_5272_sspa%3Fdchild%3D1%26keywords%3Dyoga%2Bmats%26qid%3D1624458682%26s%3Dsports-and-fitness%26sr%3D1-5272-spons%26psc%3D1&qualifier=1624458682&id=8112006841761328&widgetName=sp_mtf
16,https://www.amazon.com/gp/slredirect/picassoRedirect.html/ref=pa_sp_mtf_sports-and-fitness_sr_pg220_1?ie=UTF8&adId=A01668931GKRVXQLAXO6K&url=%2FUnbeatable-Thickness-Alignment-Carrying-Exercise%2Fdp%2FB08FZNTJSZ%2Fref%3Dsr_1_5273_sspa%3Fdchild%3D1%26keywords%3Dyoga%2Bmats%26qid%3D1624458682%26s%3Dsports-and-fitness%26sr%3D1-5273-spons%26psc%3D1&qualifier=1624458682&id=8112006841761328&widgetName=sp_mtf
17,https://www.amazon.com/gp/slredirect/picassoRedirect.html/ref=pa_sp_mtf_sports-and-fitness_sr_pg220_1?ie=UTF8&adId=A07777591J1T1YDMC5369&url=%2FAIMERDAY-Friendly-Anti-Tear-Exercise-Carrying%2Fdp%2FB08FC8F3MM%2Fref%3Dsr_1_5274_sspa%3Fdchild%3D1%26keywords%3Dyoga%2Bmats%26qid%3D1624458682%26s%3Dsports-and-fitness%26sr%3D1-5274-spons%26psc%3D1&qualifier=1624458682&id=8112006841761328&widgetName=sp_mtf
18,https://www.amazon.com/VVIEER-Pilates-Fitness-Exercise-Friendly/dp/B08CVB6SL5/ref=sr_1_5275?dchild=1&keywords=yoga+mats&qid=1624458682&s=sports-and-fitness&sr=1-5275
19,https://www.amazon.com/VVIEER-Pilates-Fitness-Exercise-Friendly/dp/B08CVB678V/ref=sr_1_5276?dchild=1&keywords=yoga+mats&qid=1624458682&s=sports-and-fitness&sr=1-5276
20,https://www.amazon.com/VVIEER-Pilates-Fitness-Exercise-Friendly/dp/B08CVB5NVT/ref=sr_1_5277?dchild=1&keywords=yoga+mats&qid=1624458682&s=sports-and-fitness&sr=1-5277
21,https://www.amazon.com/VVIEER-Pilates-Fitness-Exercise-Friendly/dp/B08CVB5NVS/ref=sr_1_5278?dchild=1&keywords=yoga+mats&qid=1624458682&s=sports-and-fitness&sr=1-5278
22,https://www.amazon.com/VVIEER-Pilates-Fitness-Exercise-Friendly/dp/B08CVB5HGW/ref=sr_1_5279?dchild=1&keywords=yoga+mats&qid=1624458682&s=sports-and-fitness&sr=1-5279
23,https://www.amazon.com/VVIEER-Pilates-Fitness-Exercise-Friendly/dp/B08CVB45BF/ref=sr_1_5280?dchild=1&keywords=yoga+mats&qid=1624458682&s=sports-and-fitness&sr=1-5280
24,https://www.amazon.com/VVIEER-Pilates-Fitness-Exercise-Friendly/dp/B08CVB3DZV/ref=sr_1_5281?dchild=1&keywords=yoga+mats&qid=1624458682&s=sports-and-fitness&sr=1-5281
25,https://www.amazon.com/VVIEER-Pilates-Fitness-Exercise-Friendly/dp/B08CVB1V97/ref=sr_1_5282?dchild=1&keywords=yoga+mats&qid=1624458682&s=sports-and-fitness&sr=1-5282
26,https://www.amazon.com/VVIEER-Pilates-Fitness-Exercise-Friendly/dp/B08CVB13XJ/ref=sr_1_5283?dchild=1&keywords=yoga+mats&qid=1624458682&s=sports-and-fitness&sr=1-5283
27,https://www.amazon.com/VVIEER-Pilates-Fitness-Exercise-Friendly/dp/B08CV9ZXDM/ref=sr_1_5284?dchild=1&keywords=yoga+mats&qid=1624458682&s=sports-and-fitness&sr=1-5284
28,https://www.amazon.com/VVIEER-Pilates-Fitness-Exercise-Friendly/dp/B08CV9ZS9R/ref=sr_1_5285?dchild=1&keywords=yoga+mats&qid=1624458682&s=sports-and-fitness&sr=1-5285
29,https://www.amazon.com/VVIEER-Pilates-Fitness-Exercise-Friendly/dp/B08CV9X1HL/ref=sr_1_5286?dchild=1&keywords=yoga+mats&qid=1624458682&s=sports-and-fitness&sr=1-5286
30,https://www.amazon.com/gp/slredirect/picassoRedirect.html/ref=pa_sp_btf_sports-and-fitness_sr_pg220_1?ie=UTF8&adId=A06788223CKIVU78UW8QB&url=%2FKeolorn-Non-Slip-Friendly-Exercise-Exercises%2Fdp%2FB089W8F673%2Fref%3Dsr_1_5287_sspa%3Fdchild%3D1%26keywords%3Dyoga%2Bmats%26qid%3D1624458682%26s%3Dsports-and-fitness%26sr%3D1-5287-spons%26psc%3D1&qualifier=1624458682&id=8112006841761328&widgetName=sp_btf
31,https://www.amazon.com/gp/slredirect/picassoRedirect.html/ref=pa_sp_btf_sports-and-fitness_sr_pg220_1?ie=UTF8&adId=A03342323VN39AIIVYWUW&url=%2FWWWW-Friendly-Exercise-Workout-Fitness%2Fdp%2FB086W3L1X2%2Fref%3Dsr_1_5288_sspa%3Fdchild%3D1%26keywords%3Dyoga%2Bmats%26qid%3D1624458682%26s%3Dsports-and-fitness%26sr%3D1-5288-spons%26psc%3D1&qualifier=1624458682&id=8112006841761328&widgetName=sp_btf
32,https://www.amazon.com/gp/slredirect/picassoRedirect.html/ref=pa_sp_btf_sports-and-fitness_sr_pg220_1?ie=UTF8&adId=A09133102IFESUKL4MYHN&url=%2FExercise-Fitness-Non-Slip-Pilates-Meditation%2Fdp%2FB08PFS8H5V%2Fref%3Dsr_1_5289_sspa%3Fdchild%3D1%26keywords%3Dyoga%2Bmats%26qid%3D1624458682%26s%3Dsports-and-fitness%26sr%3D1-5289-spons%26psc%3D1&qualifier=1624458682&id=8112006841761328&widgetName=sp_btf
0,https://www.amazon.com/gp/slredirect/picassoRedirect.html/ref=pa_sp_atf_next_sports-and-fitness_sr_pg226_1?ie=UTF8&adId=A01722052FW75WADYH1HW&url=%2FDensity-Alignment-Carrying-surface-Exercise%2Fdp%2FB08SBYZZHJ%2Fref%3Dsr_1_5401_sspa%3Fdchild%3D1%26keywords%3Dyoga%2Bmats%26qid%3D1624458682%26s%3Dsports-and-fitness%26sr%3D1-5401-spons%26psc%3D1&qualifier=1624458682&id=3390798976200759&widgetName=sp_atf_next
1,https://www.amazon.com/gp/slredirect/picassoRedirect.html/ref=pa_sp_atf_next_sports-and-fitness_sr_pg226_1?ie=UTF8&adId=A09133102IFESUKL4MYHN&url=%2FExercise-Fitness-Non-Slip-Pilates-Meditation%2Fdp%2FB08PFS8H5V%2Fref%3Dsr_1_5402_sspa%3Fdchild%3D1%26keywords%3Dyoga%2Bmats%26qid%3D1624458682%26s%3Dsports-and-fitness%26sr%3D1-5402-spons%26psc%3D1&qualifier=1624458682&id=3390798976200759&widgetName=sp_atf_next
2,https://www.amazon.com/gp/slredirect/picassoRedirect.html/ref=pa_sp_atf_next_sports-and-fitness_sr_pg226_1?ie=UTF8&adId=A064721633GFEHS1FOH7V&url=%2FEco-friendly-Thickened-Protection-Professional-Gymnastics%2Fdp%2FB08F3S84TB%2Fref%3Dsr_1_5403_sspa%3Fdchild%3D1%26keywords%3Dyoga%2Bmats%26qid%3D1624458682%26s%3Dsports-and-fitness%26sr%3D1-5403-spons%26psc%3D1&qualifier=1624458682&id=3390798976200759&widgetName=sp_atf_next
3,https://www.amazon.com/Starry-Exercise-Fitness-Pilates-Workouts/dp/B08R93V7H7/ref=sr_1_5404?dchild=1&keywords=yoga+mats&qid=1624458682&s=sports-and-fitness&sr=1-5404
4,https://www.amazon.com/Nig-Hts-Fre-DdyS-Exercise-Fitness-Workouts/dp/B08R93TMVX/ref=sr_1_5405?dchild=1&keywords=yoga+mats&qid=1624458682&s=sports-and-fitness&sr=1-5405
5,https://www.amazon.com/Sarah-Exercise-Fitness-Pilates-Workouts/dp/B08R93RDHN/ref=sr_1_5406?dchild=1&keywords=yoga+mats&qid=1624458682&s=sports-and-fitness&sr=1-5406
6,https://www.amazon.com/Thornberrys-Exercise-Fitness-Pilates-Workouts/dp/B08R93QBP9/ref=sr_1_5407?dchild=1&keywords=yoga+mats&qid=1624458682&s=sports-and-fitness&sr=1-5407
7,https://www.amazon.com/Cartoon-Exercise-Fitness-Pilates-Workouts/dp/B08R93NSJW/ref=sr_1_5408?dchild=1&keywords=yoga+mats&qid=1624458682&s=sports-and-fitness&sr=1-5408
8,https://www.amazon.com/Donuts-Exercise-Fitness-Pilates-Workouts/dp/B08R93KVWR/ref=sr_1_5409?dchild=1&keywords=yoga+mats&qid=1624458682&s=sports-and-fitness&sr=1-5409
9,https://www.amazon.com/Kratts-Exercise-Fitness-Pilates-Workouts/dp/B08R93KVWQ/ref=sr_1_5410?dchild=1&keywords=yoga+mats&qid=1624458682&s=sports-and-fitness&sr=1-5410
10,https://www.amazon.com/Ahegao-Exercise-Fitness-Pilates-Workouts/dp/B08R93K97D/ref=sr_1_5411?dchild=1&keywords=yoga+mats&qid=1624458682&s=sports-and-fitness&sr=1-5411
11,https://www.amazon.com/Public-Exercise-Fitness-Pilates-Workouts/dp/B08R93HGZ8/ref=sr_1_5412?dchild=1&keywords=yoga+mats&qid=1624458682&s=sports-and-fitness&sr=1-5412
12,https://www.amazon.com/Exercise-Fitness-Types-Pilates-Workouts/dp/B08R93H65L/ref=sr_1_5413?dchild=1&keywords=yoga+mats&qid=1624458682&s=sports-and-fitness&sr=1-5413
13,https://www.amazon.com/National-Service-Exercise-Fitness-Workouts/dp/B08R93GSZ2/ref=sr_1_5414?dchild=1&keywords=yoga+mats&qid=1624458682&s=sports-and-fitness&sr=1-5414
14,https://www.amazon.com/Nig-Hts-Fre-DdyS-Exercise-Fitness-Workouts/dp/B08R93GHD9/ref=sr_1_5415?dchild=1&keywords=yoga+mats&qid=1624458682&s=sports-and-fitness&sr=1-5415
15,https://www.amazon.com/gp/slredirect/picassoRedirect.html/ref=pa_sp_mtf_sports-and-fitness_sr_pg226_1?ie=UTF8&adId=A02057406QFND2LDFCYE&url=%2FNOW-YOGING-Unbeatable-Thickness-Alignment%2Fdp%2FB07MKVC89R%2Fref%3Dsr_1_5416_sspa%3Fdchild%3D1%26keywords%3Dyoga%2Bmats%26qid%3D1624458682%26s%3Dsports-and-fitness%26sr%3D1-5416-spons%26psc%3D1&qualifier=1624458682&id=3390798976200759&widgetName=sp_mtf
16,https://www.amazon.com/gp/slredirect/picassoRedirect.html/ref=pa_sp_mtf_sports-and-fitness_sr_pg226_1?ie=UTF8&adId=A01668931GKRVXQLAXO6K&url=%2FUnbeatable-Thickness-Alignment-Carrying-Exercise%2Fdp%2FB08FZNTJSZ%2Fref%3Dsr_1_5417_sspa%3Fdchild%3D1%26keywords%3Dyoga%2Bmats%26qid%3D1624458682%26s%3Dsports-and-fitness%26sr%3D1-5417-spons%26psc%3D1&qualifier=1624458682&id=3390798976200759&widgetName=sp_mtf
17,https://www.amazon.com/gp/slredirect/picassoRedirect.html/ref=pa_sp_mtf_sports-and-fitness_sr_pg226_1?ie=UTF8&adId=A07777591J1T1YDMC5369&url=%2FAIMERDAY-Friendly-Anti-Tear-Exercise-Carrying%2Fdp%2FB08FC8F3MM%2Fref%3Dsr_1_5418_sspa%3Fdchild%3D1%26keywords%3Dyoga%2Bmats%26qid%3D1624458682%26s%3Dsports-and-fitness%26sr%3D1-5418-spons%26psc%3D1&qualifier=1624458682&id=3390798976200759&widgetName=sp_mtf
18,https://www.amazon.com/Here-Exercise-Fitness-Pilates-Workouts/dp/B08R93FNDR/ref=sr_1_5419?dchild=1&keywords=yoga+mats&qid=1624458682&s=sports-and-fitness&sr=1-5419
19,https://www.amazon.com/Nightmare-Christmas-Exercise-Fitness-Workouts/dp/B08R93F5VP/ref=sr_1_5420?dchild=1&keywords=yoga+mats&qid=1624458682&s=sports-and-fitness&sr=1-5420
20,https://www.amazon.com/Chicago-Exercise-Fitness-Pilates-Workouts/dp/B08R939NTQ/ref=sr_1_5421?dchild=1&keywords=yoga+mats&qid=1624458682&s=sports-and-fitness&sr=1-5421
21,https://www.amazon.com/Halloween-Exercise-Fitness-Pilates-Workouts/dp/B08R9396M6/ref=sr_1_5422?dchild=1&keywords=yoga+mats&qid=1624458682&s=sports-and-fitness&sr=1-5422
22,https://www.amazon.com/Nightmare-Before-Christmas-Exercise-Fitness-Workouts/dp/B08R932HR3/ref=sr_1_5423?dchild=1&keywords=yoga+mats&qid=1624458682&s=sports-and-fitness&sr=1-5423
23,https://www.amazon.com/Colorful-Catcher-Exercise-Fitness-Workouts/dp/B08R92ZVL5/ref=sr_1_5424?dchild=1&keywords=yoga+mats&qid=1624458682&s=sports-and-fitness&sr=1-5424
24,https://www.amazon.com/Nightmare-Before-Christmas-Exercise-Fitness-Pilates-Workouts/dp/B08R92XJSR/ref=sr_1_5425?dchild=1&keywords=yoga+mats&qid=1624458682&s=sports-and-fitness&sr=1-5425
25,https://www.amazon.com/Danganronpa-Monokuma-Kokichi-Exercise-Fitness-Pilates-Workouts/dp/B08R8ZHVZ6/ref=sr_1_5426?dchild=1&keywords=yoga+mats&qid=1624458682&s=sports-and-fitness&sr=1-5426
26,https://www.amazon.com/Jagermeister-Exercise-Fitness-Pilates-Workouts/dp/B08R8Y2CHQ/ref=sr_1_5427?dchild=1&keywords=yoga+mats&qid=1624458682&s=sports-and-fitness&sr=1-5427
27,https://www.amazon.com/Pattern-Eco-Friendly-Exercise-Pilates-Exercises/dp/B08R8FHQKR/ref=sr_1_5428?dchild=1&keywords=yoga+mats&qid=1624458682&s=sports-and-fitness&sr=1-5428
28,https://www.amazon.com/Eco-Friendly-Exercise-Pilates-Workout-Exercises/dp/B08R8FDJKB/ref=sr_1_5429?dchild=1&keywords=yoga+mats&qid=1624458682&s=sports-and-fitness&sr=1-5429
29,https://www.amazon.com/Beautiful-Firebird-Eco-Friendly-Exercise-Exercises/dp/B08R8F665K/ref=sr_1_5430?dchild=1&keywords=yoga+mats&qid=1624458682&s=sports-and-fitness&sr=1-5430
30,https://www.amazon.com/gp/slredirect/picassoRedirect.html/ref=pa_sp_btf_sports-and-fitness_sr_pg226_1?ie=UTF8&adId=A06788223CKIVU78UW8QB&url=%2FKeolorn-Non-Slip-Friendly-Exercise-Exercises%2Fdp%2FB089W8F673%2Fref%3Dsr_1_5431_sspa%3Fdchild%3D1%26keywords%3Dyoga%2Bmats%26qid%3D1624458682%26s%3Dsports-and-fitness%26sr%3D1-5431-spons%26psc%3D1&qualifier=1624458682&id=3390798976200759&widgetName=sp_btf
31,https://www.amazon.com/gp/slredirect/picassoRedirect.html/ref=pa_sp_btf_sports-and-fitness_sr_pg226_1?ie=UTF8&adId=A03342323VN39AIIVYWUW&url=%2FWWWW-Friendly-Exercise-Workout-Fitness%2Fdp%2FB086W3L1X2%2Fref%3Dsr_1_5432_sspa%3Fdchild%3D1%26keywords%3Dyoga%2Bmats%26qid%3D1624458682%26s%3Dsports-and-fitness%26sr%3D1-5432-spons%26psc%3D1&qualifier=1624458682&id=3390798976200759&widgetName=sp_btf
32,https://www.amazon.com/gp/slredirect/picassoRedirect.html/ref=pa_sp_btf_sports-and-fitness_sr_pg226_1?ie=UTF8&adId=A04026372PDRT2RIN1P4Y&url=%2FAlignment-Carrying-surface-Pilates-Exercise%2Fdp%2FB08SBV9464%2Fref%3Dsr_1_5433_sspa%3Fdchild%3D1%26keywords%3Dyoga%2Bmats%26qid%3D1624458682%26s%3Dsports-and-fitness%26sr%3D1-5433-spons%26psc%3D1&qualifier=1624458682&id=3390798976200759&widgetName=sp_btf
